,Media,Tweets Ago,Tweet,Compound,Positive,Negative,Neutral,Date
0,@CBS,1,"RT @PriceIsRight: We're thrilled to be back with all new, fun, and exciting shows!!  We hope to give you another award winning season! HERE‚Ä¶",0.9642,0.527,0.473,0.0,Mon Sep 17 22:01:52 +0000 2018
1,@CBS,2,RT @SalvationCBS: X marks the spot on the heart-stopping season finale of #SalvationCBS tonight at 9/8c on CBS &amp; CBS All Access: https://t.‚Ä¶,0.0,0.0,1.0,0.0,Mon Sep 17 21:41:20 +0000 2018
2,@CBS,3,Waiting for tonight's @Elementary_CBS season finale like https://t.co/Ou8342vGT9,0.3612,0.263,0.737,0.0,Mon Sep 17 19:18:37 +0000 2018
3,@CBS,4,"Due to an NFL overrun, the CBS Sunday lineup is delayed in the East/Central cities ONLY. New start times:‚Ä¶ https://t.co/IypoJ0l16P",-0.2263,0.0,0.909,0.091,Sun Sep 16 23:48:59 +0000 2018
4,@CBS,5,RT @CBSAllAccess: Sundays were made for NFL on CBS. üèàüíØ Stream NFL on CBS All Access live today: https://t.co/vsod8jGE7N https://t.co/co2528‚Ä¶,0.0,0.0,1.0,0.0,Sun Sep 16 14:33:46 +0000 2018
5,@CBS,6,"What happens when a PTA mom steals nearly $100,000 from her daughter's school? Don't miss the #PinkCollarCrimes sea‚Ä¶ https://t.co/Gjiy0pByaE",-0.4322,0.07,0.771,0.159,Sat Sep 15 16:00:01 +0000 2018
6,@CBS,7,"RT @CBSAllAccess: No internet, no problem. You can now download and play your favorite shows on CBS All Access! üôå Learn how: https://t.co/y‚Ä¶",-0.2481,0.181,0.571,0.248,Fri Sep 14 18:22:59 +0000 2018
7,@CBS,8,@PlaggemeyLee Mac's putting something together. üòâ https://t.co/6ww5HlV6Bx,0.0,0.0,1.0,0.0,Thu Sep 13 20:52:06 +0000 2018
8,@CBS,9,This just in... https://t.co/QG3OYF6Rfv,0.0,0.0,1.0,0.0,Thu Sep 13 20:28:06 +0000 2018
9,@CBS,10,RT @CBSAllAccess: Get excited! Stream original #MurphyBrown episodes for a limited time on CBS All Access before the @MurphyBrownCBS reviva‚Ä¶,0.4753,0.218,0.699,0.083,Thu Sep 13 18:06:49 +0000 2018
10,@CBS,11,"This just in! The 54th #ACMawards will air LIVE from Las Vegas on Sunday, April 7, 2019 at 8/7c on CBS and‚Ä¶ https://t.co/Q9e7qxe26l",0.0,0.0,1.0,0.0,Mon Sep 10 17:06:16 +0000 2018
11,@CBS,12,"Due to an NFL overrun, CBS is delayed 17 mins in the following markets: Kansas City, Miami, Tampa, NOLA, New York,‚Ä¶ https://t.co/9eXZ9mA1Xb",-0.2263,0.0,0.917,0.083,Sun Sep 09 23:36:09 +0000 2018
12,@CBS,13,Are you ready for some football? üèà Stream your favorite NFL games LIVE on #CBSAllAccess today:‚Ä¶ https://t.co/eHt8guHoyv,0.6705,0.282,0.718,0.0,Sun Sep 09 14:00:00 +0000 2018
13,@CBS,14,An unforgettable night of inspiring stories and performances highlighting the 10 years of impact #StandUpToCancer c‚Ä¶ https://t.co/8bp2XNKwfH,0.4215,0.149,0.851,0.0,Sat Sep 08 16:20:43 +0000 2018
14,@CBS,15,The star-studded event is about to begin! Tune in now to watch #StandUpToCancer on CBS and @cbsallaccess. https://t.co/cD8TJuQBog,0.0,0.0,1.0,0.0,Sat Sep 08 00:00:00 +0000 2018
15,@CBS,16,"RT @cbsallaccess: Join #TellMeAStory's @daniellemcam, @BillyMagnussen &amp; Dorian Missick by standing up to cancer! Watch @SU2C tonight at 8/7‚Ä¶",-0.5411,0.092,0.712,0.196,Fri Sep 07 23:15:09 +0000 2018
16,@CBS,17,Tune in to a first-of-its-kind digital live show as lead up to @SU2C‚Äôs televised event tonight! The show will featu‚Ä¶ https://t.co/hIVaLAXYmR,0.0,0.0,1.0,0.0,Fri Sep 07 21:50:51 +0000 2018
17,@CBS,18,Hollywood legend Burt Reynolds has passed away at the age of 82. He will be missed. https://t.co/HSmcJ9X9iC,-0.296,0.0,0.879,0.121,Thu Sep 06 22:10:49 +0000 2018
18,@CBS,19,Here are @FBICBS‚Äô @JeremySisto and @EboneeReigne with a powerful message before #StandUpToCancer airs tomorrow! https://t.co/OCqh91N1OO,0.4753,0.192,0.808,0.0,Thu Sep 06 19:00:01 +0000 2018
19,@CBS,20,Here's everything you need to know before tuning into #StandUpToCancer this Friday at 8/7c: https://t.co/IT9ht84TZ1 https://t.co/OK4AOxw5mP,0.0,0.0,1.0,0.0,Wed Sep 05 21:00:00 +0000 2018
20,@CBS,21,Survivor host @JeffProbst is here to break down the theme of #Survivor: David vs. Goliath before the new season beg‚Ä¶ https://t.co/8TcA200eFQ,0.3612,0.111,0.889,0.0,Wed Sep 05 17:32:40 +0000 2018
21,@CBS,22,"Thanks, @StephenAtHome. 
P.S. Nice beard. #LSSC https://t.co/wppVtfR9cL",0.6908,0.533,0.467,0.0,Wed Sep 05 16:48:09 +0000 2018
22,@CBS,23,The biggest names in entertainment are coming together once again for #StandUpToCancer this Friday at 8/7c on @CBS‚Ä¶ https://t.co/ntuGKLYvuW,0.4215,0.135,0.865,0.0,Tue Sep 04 20:34:26 +0000 2018
23,@CBS,24,RT @cbsallaccess: Stream #17 @WestVirginiaU vs. @UTKnoxville LIVE today at 3:30PM ET on CBS All Access! Try 1 month FREE using code BINGENO‚Ä¶,0.6514,0.171,0.829,0.0,Sat Sep 01 15:25:34 +0000 2018
24,@CBS,25,"In just one week, @RWitherspoon, @McConaughey, Jennifer Garner, and more will attend the #‚ÄãStandUpToCancer fundrais‚Ä¶ https://t.co/iHKGOoWejA",0.0,0.0,1.0,0.0,Fri Aug 31 21:26:49 +0000 2018
25,@CBS,26,"Believe in miracles. Watch this sneak peek of the complete premiere episode of @GodFriendedMe now, a month before i‚Ä¶ https://t.co/5AIUH5VmMk",0.0,0.0,1.0,0.0,Fri Aug 31 18:01:01 +0000 2018
26,@CBS,27,"RT @cbsallaccess: Money. Murder. Mystery. #OneDollar is now streaming, exclusively on CBS All Access. https://t.co/3qFdTEmVU5 https://t.co/‚Ä¶",-0.6908,0.0,0.761,0.239,Thu Aug 30 19:45:51 +0000 2018
27,@CBS,28,RT @GodFriendedMe: It's a godsend! We're dropping the #GodFriendedMe pilot tomorrow right here on Twitter for you to stream a full month be‚Ä¶,0.6239,0.17,0.83,0.0,Thu Aug 30 15:32:47 +0000 2018
28,@CBS,29,"It's almost time for sweater weather, pumpkin spice lattes, and CBS Fall TV premieres. Check out the storylines for‚Ä¶ https://t.co/BpgDyYl8fc",0.0,0.0,1.0,0.0,Mon Aug 27 23:36:57 +0000 2018
29,@CBS,30,RT @cbsallaccess: #NFL preseason coverage is here! üèà The Detroit @Lions battle the Tampa Bay @Buccaneers tonight at 8PM ET. Stream the game‚Ä¶,-0.4389,0.0,0.879,0.121,Fri Aug 24 20:30:16 +0000 2018
30,@CBS,31,"@bigbangtheory üé∂...happy kitty, sleepy kitty, purr purr purrüé∂ #TheBigBangTheory https://t.co/sEObppGJlZ",0.0,0.0,1.0,0.0,Wed Aug 22 20:55:25 +0000 2018
31,@CBS,32,"This is going to require multiple singings of ""Soft Kitty."" https://t.co/UdRGNeQ7Lb",0.0,0.0,1.0,0.0,Wed Aug 22 20:10:12 +0000 2018
32,@CBS,33,Got to get more of the @PaulMcCartney #CarpoolKaraoke into your life? @latelateshow produced an hour-long bonus spe‚Ä¶ https://t.co/DjPqajo6Xn,0.5423,0.171,0.829,0.0,Mon Aug 20 21:59:56 +0000 2018
33,@CBS,34,"How much does it cost to bury the truth? 
#OneDollar premieres August 30, exclusively on CBS All Access. https://t.co/ZL5TBH9ro5",0.3182,0.113,0.887,0.0,Fri Aug 17 17:42:02 +0000 2018
34,@CBS,35,Things got carried away when @ArianaGrande joined @latelateshow for #CarpoolKaraoke. So did Ariana. #ArianaCarpool https://t.co/WSZcC0TaYz,0.0,0.0,1.0,0.0,Thu Aug 16 18:40:09 +0000 2018
35,@CBS,36,RT @cbsallaccess: Murder mystery set in a small town? We're in. Rediscover the genius of original #TwinPeaks co-creators @DAVID_LYNCH and @‚Ä¶,-0.5267,0.092,0.72,0.188,Thu Aug 16 00:09:03 +0000 2018
36,@CBS,37,New start times for @60Minutes 7:20ET/6:20CT @CBSBigBrother 8:20ET/7:20CT @NCISLA 9:20ET/8:20CT @Elementary_CBS 10:‚Ä¶ https://t.co/Op9VcDsREa,0.0,0.0,1.0,0.0,Sun Aug 12 23:30:02 +0000 2018
37,@CBS,38,Clear your schedules for the 100th #PGAChamp! Stream the Final Round LIVE on @cbsallaccess at 2 PM ET across all de‚Ä¶ https://t.co/m6bH2pKTUN,0.4389,0.126,0.874,0.0,Sun Aug 12 15:04:59 +0000 2018
38,@CBS,39,The fortune teller you‚Äôll meet this Saturday lived a life of luxury... by scamming her victims out of hundreds of t‚Ä¶ https://t.co/fJo6F2Eo5p,-0.3182,0.0,0.897,0.103,Sat Aug 11 18:00:00 +0000 2018
39,@CBS,40,The 100th PGA Championship continues today! Stream it LIVE on @cbsallaccess at 2PM ET across all devices. Try 1 Wee‚Ä¶ https://t.co/jbMg06eOND,0.4926,0.144,0.856,0.0,Sat Aug 11 15:00:02 +0000 2018
40,@CBS,41,"To celebrate the 100th PGA Championship, relive some of the tournament's greatest moments with Luke Wilson. 

Don't‚Ä¶ https://t.co/wUuB93smr4",0.8957,0.419,0.581,0.0,Fri Aug 10 22:28:55 +0000 2018
41,@CBS,42,"RT @TrueCrimeCBS: When Glenn Walp and Steve Doran uncovered theft at the Los Alamos National Laboratory, they HAD to blow their whistles. W‚Ä¶",0.0,0.0,1.0,0.0,Fri Aug 10 19:59:14 +0000 2018
42,@CBS,43,Want to create your own @CBSBigBrother or @TKOCBS meme using one the photos here? It‚Äôs your lucky day! Head over to‚Ä¶ https://t.co/JHJWykNkQT,0.6696,0.255,0.745,0.0,Thu Aug 09 21:00:00 +0000 2018
43,@CBS,44,Time to celebrate! Your favorite Daytime shows will premiere with new seasons this fall. See all of the @CBSDaytime‚Ä¶ https://t.co/GNkK4Zf2kD,0.7901,0.28,0.72,0.0,Thu Aug 09 18:47:00 +0000 2018
44,@CBS,45,"Love is in the air, and the water! International smash hit #LoveIsland is coming to CBS. https://t.co/nepabuNoSU https://t.co/Cxgvkv463u",0.6696,0.209,0.791,0.0,Wed Aug 08 16:05:11 +0000 2018
45,@CBS,46,The Executive Producers of @CBSBigBrother are teaming up with @KingJames and @MavCarter for an unprecedented televi‚Ä¶ https://t.co/V88bDeHmQs,0.0,0.0,1.0,0.0,Tue Aug 07 16:06:57 +0000 2018
46,@CBS,47,"RT @cbsallaccess: Executive Producer of Tell Me A Story, @kevwilliamson, says ""What I like about the show, there‚Äôs nothing else on TV like‚Ä¶",0.3612,0.111,0.889,0.0,Mon Aug 06 00:20:55 +0000 2018
47,@CBS,48,RT @TheNeighborhood: Feel the love in this new teaser for #TheNeighborhood from the #CBS #TCA18! ü§ó https://t.co/rPmCozH5XP,0.5411,0.219,0.683,0.098,Mon Aug 06 00:07:38 +0000 2018
48,@CBS,49,RT @TheNeighborhood: Find out why Cedric the Entertainer and the cast think #TheNeighborhood is the kind of show that everyone can relate t‚Ä¶,0.3818,0.106,0.894,0.0,Mon Aug 06 00:02:58 +0000 2018
49,@CBS,50,That's all for our #CBS #TCA18 panels! Tune in this fall to watch all your favorite new shows. üôå https://t.co/hM85o9eRi8,0.5093,0.155,0.845,0.0,Mon Aug 06 00:02:02 +0000 2018
50,@CBS,51,"RT @MagnumPICBS: ""If there was ever a time to bring back #MagnumPI, it's now."" - @PLenkov 
#CBS #TCA2018",0.0,0.0,1.0,0.0,Sun Aug 05 23:58:41 +0000 2018
51,@CBS,52,"RT @MagnumPICBS: ""There are a lot of easter eggs from the original that fans from the original series will love, and they're peppered throu‚Ä¶",0.8316,0.306,0.694,0.0,Sun Aug 05 23:44:39 +0000 2018
52,@CBS,53,"RT @MagnumPICBS: ""What we are trying to do is introduce the show to a new audience...it's going to open it up for anyone that's new and the‚Ä¶",0.0,0.0,1.0,0.0,Sun Aug 05 23:41:21 +0000 2018
53,@CBS,54,"RT @MagnumPICBS: ""This has been my white whale since I was a kid. I always loved #MagnumPI. Putting words in Magnum's mouth is something I'‚Ä¶",0.5994,0.157,0.843,0.0,Sun Aug 05 23:35:49 +0000 2018
54,@CBS,55,RT @MagnumPICBS: It's #MagnumPI time at the #CBS #TCA2018! Follow along as we live tweet the panel!,0.0,0.0,1.0,0.0,Sun Aug 05 23:35:46 +0000 2018
55,@CBS,56,RT @happytogether: Thanks for following along! That concludes the #HappyTogether panel at the #CBS #TCA2018! @MagnumPICBS is up next!,0.5826,0.173,0.827,0.0,Sun Aug 05 23:16:25 +0000 2018
56,@CBS,57,"RT @happytogether: Question: Even though you're not playing @Harry_Styles, did you do a Harry crash course?
@itsfelixwot: Absolutely not. C‚Ä¶",-0.5093,0.0,0.798,0.202,Sun Aug 05 23:12:39 +0000 2018
57,@CBS,58,"RT @happytogether: ""The show is about marriage, it's about getting a bit older, it's about youthfulness, it's about something happening and‚Ä¶",0.0,0.0,1.0,0.0,Sun Aug 05 23:10:20 +0000 2018
58,@CBS,59,"RT @happytogether: ""It's always good to have a little bit of truth in whatever you're making.""- @wayansjr 

#HappyTogether #CBS #TCA2018",0.6041,0.225,0.775,0.0,Sun Aug 05 23:05:58 +0000 2018
59,@CBS,60,"RT @happytogether: ""I thought I was still young and cool until I met @itsfelixwot!"" -@AmberoniStevens #HappyTogether #CBS #TCA2018",0.3802,0.147,0.853,0.0,Sun Aug 05 23:01:25 +0000 2018
60,@CBS,61,"RT @happytogether: ""We never wanted to create a show where people think ""Oh, did @Harry_Styles do that?"" -@benwinston on emphasizing that #‚Ä¶",-0.2057,0.0,0.917,0.083,Sun Aug 05 22:58:41 +0000 2018
61,@CBS,62,RT @happytogether: .@wayansjr is quick to point out that the characters in #HappyTogether are fictional. #CBS #TCA2018,0.0,0.0,1.0,0.0,Sun Aug 05 22:58:36 +0000 2018
62,@CBS,63,"RT @happytogether: ""@Harry_Styles became part of the family. We didn't want him to move out."" -@benwinston #CBS #HappyTogether #TCA18",-0.0572,0.0,0.936,0.064,Sun Aug 05 22:53:12 +0000 2018
63,@CBS,64,"RT @happytogether: ""It's about Cooper who wants nothing but normality and a boring life, and Jake and Claire, who want more excitement."" -@‚Ä¶",-0.3612,0.059,0.82,0.121,Sun Aug 05 22:52:24 +0000 2018
64,@CBS,65,"RT @happytogether: ""It's loosely inspired (by the time @Harry_Styles lived with @benwinston), because if we put what actually happened on t‚Ä¶",0.4939,0.138,0.862,0.0,Sun Aug 05 22:49:06 +0000 2018
65,@CBS,66,RT @happytogether: It's time for the #HappyTogether panel at the #CBS #TCA18! Follow along here!,0.0,0.0,1.0,0.0,Sun Aug 05 22:46:49 +0000 2018
66,@CBS,67,RT @GodFriendedMe: Thanks for following along during the #GodFriendedMe panel at #CBS #TCA18‚Äî@HappyTogether is up next!,0.4926,0.175,0.825,0.0,Sun Aug 05 22:32:37 +0000 2018
67,@CBS,68,"RT @GodFriendedMe: ""You don't have to believe in God to believe in good."" üôå@JOEtheMORTON¬†#GodFriendedMe #CBS",0.2732,0.123,0.877,0.0,Sun Aug 05 22:32:30 +0000 2018
68,@CBS,69,RT @GodFriendedMe: ‚ÄúIt‚Äôs incredibly important to us that we‚Äôre not a show that‚Äôs preachy or judgmental. Whether you believe or don‚Äôt believ‚Ä¶,0.2716,0.095,0.905,0.0,Sun Aug 05 22:16:36 +0000 2018
69,@CBS,70,"RT @GodFriendedMe: ""Our feet are on the ground. Our characters are not angels, they‚Äôre not heavenly, they‚Äôre just real people. The 'opposin‚Ä¶",-0.4973,0.0,0.867,0.133,Sun Aug 05 22:16:29 +0000 2018
70,@CBS,71,RT @GodFriendedMe: Follow along with us as we live-tweet the #GodFriendedMe panel at #CBS #TCA18 with stars @hall_m_brandon @violettbeane @‚Ä¶,0.0,0.0,1.0,0.0,Sun Aug 05 22:16:19 +0000 2018
71,@CBS,72,"RT @cbsallaccess: From the writer of Scream, The Vampire Diaries and The Following, comes a modern day twist on classic fairy tales. 

#Tel‚Ä¶",-0.4019,0.0,0.886,0.114,Sun Aug 05 22:05:44 +0000 2018
72,@CBS,73,"RT @cbsallaccess: Small town. Big murder. Follow the Money. 

#OneDollar premieres August 30, exclusively on CBS All Access. https://t.co/T‚Ä¶",-0.6908,0.0,0.793,0.207,Sun Aug 05 22:00:47 +0000 2018
73,@CBS,74,RT @cbsallaccess: That's a wrap on the #TellMeAStory panel! @GodFriendedMe is up next! #TCA18 #CBSAllAccess,0.0,0.0,1.0,0.0,Sun Aug 05 21:48:41 +0000 2018
74,@CBS,75,"RT @cbsallaccess: ""What I love about New York City - besides being the best city in the world - it's textural, it's real, it has everything‚Ä¶",0.8555,0.286,0.714,0.0,Sun Aug 05 21:48:36 +0000 2018
75,@CBS,76,RT @cbsallaccess: Who's ready to see @KimCattrall play @daniellemcam's (AKA Little Red Riding Hood) grandmother? #TellMeAStory #TCA18 #CBSA‚Ä¶,0.5994,0.234,0.766,0.0,Sun Aug 05 21:48:29 +0000 2018
76,@CBS,77,"RT @cbsallaccess: ""What I like about this show is that there's nothing else on TV like it right now."" -@kevwilliamson #TellMeAStory #TCA18‚Ä¶",0.6124,0.208,0.792,0.0,Sun Aug 05 21:31:15 +0000 2018
77,@CBS,78,"RT @MurphyBrownCBS: According to Candice Bergen and Diane English, there's never been a more perfect time to revive #MurphyBrown! https://t‚Ä¶",-0.2748,0.105,0.742,0.153,Sun Aug 05 20:58:52 +0000 2018
78,@CBS,79,"RT @MurphyBrownCBS: #MurphyBrown has always been a political show, and that won't change! Read on about how the show plans to cover hot top‚Ä¶",0.0,0.0,1.0,0.0,Sun Aug 05 20:56:17 +0000 2018
79,@CBS,80,"RT @FBICBS: ""People are going to get a very realistic view of how that office operates and the stresses. It's a zero-tolerance FBI office.‚Ä¶",-0.4588,0.0,0.875,0.125,Sun Aug 05 20:10:33 +0000 2018
80,@CBS,81,Stay tuned for more #CBS #TCA18 action! The @cbsallaccess panel is up next. üëçüèº https://t.co/fcjiEwpaN0,0.0,0.0,1.0,0.0,Sun Aug 05 19:43:38 +0000 2018
81,@CBS,82,"RT @FBICBS: #FBIFam, this should cure your #SundayScaries! Check out the #FBI preview that was shown at the #CBS #TCA18 before the panel. h‚Ä¶",0.0,0.0,1.0,0.0,Sun Aug 05 19:22:22 +0000 2018
82,@CBS,83,"RT @TheNeighborhood: ""Once we shot the pilot, we knew that we had a great show."" -@CedEntertainer #TheNeighborhood #CBS",0.6249,0.204,0.796,0.0,Sun Aug 05 19:21:28 +0000 2018
83,@CBS,84,"RT @TheNeighborhood: ""It was so well done, as far as I was concerned, that it became a no brainer to do the show. I called the next morning‚Ä¶",0.1384,0.098,0.823,0.079,Sun Aug 05 19:16:45 +0000 2018
84,@CBS,85,"RT @TheNeighborhood: ""This is a show about people. This is a show about families, neighbors, friendships... At its core, this is a show abo‚Ä¶",0.0,0.0,1.0,0.0,Sun Aug 05 19:15:53 +0000 2018
85,@CBS,86,"RT @TheNeighborhood: We're here at the #CBS #TCA18 giving you the inside scoop on #TheNeighborhood with our stars @CedEntertainer, @Tichina‚Ä¶",0.4588,0.182,0.818,0.0,Sun Aug 05 18:54:24 +0000 2018
86,@CBS,87,RT @MurphyBrownCBS: That's a wrap on the #MurphyBrown panel at #TCA18! @TheNeighborhood is up next! #CBS,0.0,0.0,1.0,0.0,Sun Aug 05 18:01:09 +0000 2018
87,@CBS,88,"RT @MurphyBrownCBS: Diane English reveals ""We have an enormously famous person in our first episode,"" but keeps the secret under wraps! üôä #‚Ä¶",0.0,0.0,1.0,0.0,Sun Aug 05 17:55:07 +0000 2018
88,@CBS,89,"RT @MurphyBrownCBS: Diane English talks about how to stay topically relevant while writing scripts ahead of time &amp; also said, ""We have an i‚Ä¶",0.0,0.0,1.0,0.0,Sun Aug 05 17:51:13 +0000 2018
89,@CBS,90,RT @MurphyBrownCBS: All the feels! ‚ù§Ô∏è #MurphyBrown returns to #CBS this fall! https://t.co/OvQk3CV49W,0.0,0.0,1.0,0.0,Sun Aug 05 17:47:01 +0000 2018
90,@CBS,91,"RT @MurphyBrownCBS: ""It's been very emotional for the old guys... We saw Murphy's townhouse and we all got tears in our eyes."" -Candice Ber‚Ä¶",-0.0018,0.073,0.853,0.074,Sun Aug 05 17:39:48 +0000 2018
91,@CBS,92,"Stay tuned, because @MurphyBrownCBS is up next at the #CBS #TCA18! https://t.co/0qdjQiFrwW",0.0,0.0,1.0,0.0,Sun Aug 05 17:28:37 +0000 2018
92,@CBS,93,"RT @FBICBS: ‚ÄúEven though I was scared to say yes, it was so clear you don‚Äôt say no. I knew I couldn‚Äôt say no. I couldn‚Äôt be more grateful,‚Ä¶",-0.0602,0.182,0.599,0.219,Sun Aug 05 17:28:03 +0000 2018
93,@CBS,94,"RT @FBICBS: What's it like for @JeremySisto coming back to a Dick Wolf show?

""It's one of the most stable ships you can be on... It's exci‚Ä¶",0.1761,0.16,0.735,0.105,Sun Aug 05 17:27:46 +0000 2018
94,@CBS,95,"RT @FBICBS: ""We're celebrating the troops on the ground... There are endless stories in there."" - Dick Wolf on why he wanted to focus the s‚Ä¶",0.1027,0.123,0.767,0.11,Sun Aug 05 17:27:41 +0000 2018
95,@CBS,96,"RT @FBICBS: ‚ÄúIt‚Äôs really exciting to be here for the first time in a long, long, long, long time.‚Äù - Dick Wolf #CBS #TCA18",0.0498,0.13,0.746,0.123,Sun Aug 05 17:27:31 +0000 2018
96,@CBS,97,Celebrate #NationalSistersDay with an iconic group of sisters! Watch how these three became part of The Brady Bunch‚Ä¶ https://t.co/nBVjxl4AbP,0.6114,0.182,0.818,0.0,Sun Aug 05 14:47:12 +0000 2018
97,@CBS,98,RT @startrekcbs: Executive Producer Alex Kurtzman and @SirPatStew surprised fans today at #STLV with news that he will be returning to the‚Ä¶,0.2263,0.083,0.917,0.0,Sat Aug 04 22:57:37 +0000 2018
98,@CBS,99,Watching a üíØ spin on @PriceIsRight never gets old‚Ä¶especially when it‚Äôs Mila Kunis! https://t.co/NPOukc3jPz,0.0,0.0,1.0,0.0,Sat Aug 04 00:24:55 +0000 2018
99,@CBS,100,"RT @TrueCrimeCBS: The chances of successfully blowing the whistle are slim, but did a Wells Fargo personal banker beat the odds?

Find out‚Ä¶",0.6124,0.24,0.76,0.0,Fri Aug 03 22:34:08 +0000 2018
100,@CNN,1,Scientists are monitoring the health of a group of critically endangered orcas in the Pacific Ocean following news‚Ä¶ https://t.co/FpqqjoHN9g,0.0,0.0,1.0,0.0,Mon Sep 17 23:11:05 +0000 2018
101,@CNN,2,"President Trump is sharply escalating the American trade war with China.

The United States will impose a 10% tarif‚Ä¶ https://t.co/HeM9PdzfRL",-0.5106,0.112,0.643,0.245,Mon Sep 17 22:59:00 +0000 2018
102,@CNN,3,"The US will impose new tariffs on $200 billion worth of Chinese goods. Combined with existing tariffs, roughly half‚Ä¶ https://t.co/t5KS4Zkqy5",-0.0772,0.086,0.814,0.1,Mon Sep 17 22:57:12 +0000 2018
103,@CNN,4,Michael Bloomberg says he might run as a Democrat. But why? | Analysis by CNN‚Äôs Gregory Krieg‚Ä¶ https://t.co/GilF7FOtMg,0.0,0.0,1.0,0.0,Mon Sep 17 22:53:04 +0000 2018
104,@CNN,5,"RT @CNNSitRoom: ""I hope that she gets a fair hearing and that we give her a chance to really talk about and tell her story."" - Sen. Tammy D‚Ä¶",0.7351,0.238,0.762,0.0,Mon Sep 17 22:47:57 +0000 2018
105,@CNN,6,Actor Tom Arnold has filed a police report against Mark Burnett for battery. He's accusing the reality producer and‚Ä¶ https://t.co/zLEm3VopRR,-0.1779,0.0,0.914,0.086,Mon Sep 17 22:46:38 +0000 2018
106,@CNN,7,RT @CNNSitRoom: President Donald Trump is ordering the declassification of various documents and text messages related to the Russia invest‚Ä¶,0.0,0.0,1.0,0.0,Mon Sep 17 22:28:02 +0000 2018
107,@CNN,8,Shark expert George Burgess will be on Full Circle to discuss what experts believe was the first fatal shark attack‚Ä¶ https://t.co/kB9adGIaTD,-0.5423,0.0,0.851,0.149,Mon Sep 17 22:25:46 +0000 2018
108,@CNN,9,"Brett Kavanaugh and the woman accusing him of physical and sexual assault, Christine Blasey Ford, will testify, a s‚Ä¶ https://t.co/luOJCTVDlb",-0.6705,0.0,0.756,0.244,Mon Sep 17 22:23:30 +0000 2018
109,@CNN,10,"Democrats hold the upper hand in the Arizona and Tennessee Senate races, new CNN polls find https://t.co/FW8CdBJBOR https://t.co/Zz9dW1I9kA",0.4939,0.158,0.842,0.0,Mon Sep 17 22:21:05 +0000 2018
110,@CNN,11,The Senate Judiciary Committee will hold a public hearing next Monday on allegations against Supreme Court nominee‚Ä¶ https://t.co/dnOTaqAqBe,0.5574,0.184,0.816,0.0,Mon Sep 17 22:19:55 +0000 2018
111,@CNN,12,RT @CNNSitRoom: Former national security adviser Michael Flynn is set to be sentenced after the midterm elections https://t.co/Fj2K8zxfdO h‚Ä¶,0.3182,0.117,0.829,0.054,Mon Sep 17 22:17:57 +0000 2018
112,@CNN,13,President Trump to declassify documents relating to the Russia investigation and Carter Page FISA warrant‚Ä¶ https://t.co/4LD2yxXC96,0.0,0.0,1.0,0.0,Mon Sep 17 22:16:13 +0000 2018
113,@CNN,14,"For the first time in history, a woman will serve as chief flight director of America's space agency.

Holly Riding‚Ä¶ https://t.co/n06SwVzh3N",0.0,0.0,1.0,0.0,Mon Sep 17 22:11:05 +0000 2018
114,@CNN,15,"Russia and Turkey have agreed to create a demilitarized zone in Syria's Idlib province, potentially thwarting a lar‚Ä¶ https://t.co/Eqrvup7nkw",0.3612,0.211,0.704,0.085,Mon Sep 17 22:01:08 +0000 2018
115,@CNN,16,Here's the single most important Senate race in the country | Analysis by @CillizzaCNN https://t.co/NVV9d4jceI https://t.co/BYs3xN9wH3,0.2716,0.13,0.87,0.0,Mon Sep 17 21:51:06 +0000 2018
116,@CNN,17,"RT @CNNSitRoom: ""The good news for this area is that Florence has moved on. The bad news is that before she left, she dumped an extra six i‚Ä¶",-0.5106,0.085,0.733,0.182,Mon Sep 17 21:46:45 +0000 2018
117,@CNN,18,Former national security adviser Michael Flynn is set to be sentenced after the midterm elections‚Ä¶ https://t.co/3xtYPp3D9N,0.3182,0.137,0.8,0.063,Mon Sep 17 21:42:04 +0000 2018
118,@CNN,19,RT @TheLeadCNN: CNN commentator @SymoneDSanders on Kavanaugh accusation: ‚ÄúI want to be clear. For me there is no debate. I believe Professo‚Ä¶,-0.0772,0.155,0.677,0.167,Mon Sep 17 21:41:42 +0000 2018
119,@CNN,20,The US Air Force says it needs more firepower to confront rising threats from China and Russia‚Ä¶ https://t.co/6OUMAoK5sR,-0.5809,0.0,0.771,0.229,Mon Sep 17 21:41:07 +0000 2018
120,@CNN,21,"RT @TheLeadCNN: CNN commentator @angela_rye on Kavanaugh accusation: ‚ÄúHe has some really big red flags to me. This is just the latest one,‚Ä¶",-0.25,0.0,0.917,0.083,Mon Sep 17 21:40:37 +0000 2018
121,@CNN,22,"An investigation targeting Brock Long, the administrator of FEMA, has been referred to federal prosecutors to deter‚Ä¶ https://t.co/cl9OfaoWw2",0.0,0.0,1.0,0.0,Mon Sep 17 21:40:28 +0000 2018
122,@CNN,23,"RT @CNNSitRoom: ""This will probably shock the White House, but I agree with President Trump, when he said a delay is not going to hurt anyt‚Ä¶",0.4878,0.218,0.632,0.15,Mon Sep 17 21:38:31 +0000 2018
123,@CNN,24,Anita Hill's accusations did not hurt public support for Clarence Thomas in 1991 https://t.co/d8OAjcRU5I https://t.co/FSZquDPoQY,-0.1979,0.144,0.621,0.236,Mon Sep 17 21:31:06 +0000 2018
124,@CNN,25,"Florence has come and gone through the Carolinas, but its heavy rains and storm surge have caused flooding in some‚Ä¶ https://t.co/s26dN5Gp1I",0.0,0.0,1.0,0.0,Mon Sep 17 21:19:37 +0000 2018
125,@CNN,26,Here's a timeline of how the accusations against Brett Kavanaugh have unfolded https://t.co/Gi9YC8DHwp https://t.co/7qPFnsuuio,-0.3182,0.0,0.839,0.161,Mon Sep 17 21:11:07 +0000 2018
126,@CNN,27,"Typhoon Mangkhut, known locally as Typhoon Ompong, has cut a swath of destruction across Guam, the Marshall Islands‚Ä¶ https://t.co/UKU3C4AEOu",-0.7003,0.0,0.734,0.266,Mon Sep 17 21:08:36 +0000 2018
127,@CNN,28,"Saudi Arabia has agreed to invest more than $1 billion in Lucid, a potential Tesla competitor‚Ä¶ https://t.co/0C1v7GTrCf",0.2732,0.123,0.877,0.0,Mon Sep 17 21:01:07 +0000 2018
128,@CNN,29,"A day after Time was sold, there was applause for the magazine's top editor -- and growing anticipation at the othe‚Ä¶ https://t.co/Mw3PIg44YR",0.6908,0.312,0.688,0.0,Mon Sep 17 20:51:02 +0000 2018
129,@CNN,30,Indicted Republican Rep. Chris Collins will remain on the ballot in November despite suspending his re-election bid‚Ä¶ https://t.co/NVSXTGnRIN,0.0,0.0,1.0,0.0,Mon Sep 17 20:41:49 +0000 2018
130,@CNN,31,"Establishing President Trump's sought-after Space Force could cost nearly $13 billion over its first five years, ac‚Ä¶ https://t.co/jx6WqrIt4V",0.0,0.0,1.0,0.0,Mon Sep 17 20:39:06 +0000 2018
131,@CNN,32,Coca-Cola is considering a move into the growing market for cannabis-infused drinks https://t.co/rFAhZ5QbJV https://t.co/MpUonReFot,0.1779,0.124,0.876,0.0,Mon Sep 17 20:19:07 +0000 2018
132,@CNN,33,Jos√© Andr√©s and his nonprofit World Central Kitchen team served 3.6 million free meals in Puerto Rico after Hurrica‚Ä¶ https://t.co/qgwBf7wV26,0.5106,0.148,0.852,0.0,Mon Sep 17 20:16:55 +0000 2018
133,@CNN,34,"Trump praised Brett Kavanaugh as ""one of the finest people I have ever known"" in his 1st public comments since the‚Ä¶ https://t.co/rwcjYCYBVo",0.4939,0.138,0.862,0.0,Mon Sep 17 19:58:14 +0000 2018
134,@CNN,35,Corporate America is spending more on buybacks than anything else https://t.co/3OcWdxvDAF https://t.co/hUNp9YXEQN,0.0,0.0,1.0,0.0,Mon Sep 17 19:41:03 +0000 2018
135,@CNN,36,These senators could make or break Brett Kavanaugh's Supreme Court nomination https://t.co/c4LqVdNngO https://t.co/NtgTnRUyav,0.5574,0.231,0.769,0.0,Mon Sep 17 19:37:21 +0000 2018
136,@CNN,37,"Vernon Unsworth, a caver accused by Elon Musk of being a pedophile, has filed a defamation lawsuit against the Tesl‚Ä¶ https://t.co/aL50R2tgH4",-0.4767,0.0,0.796,0.204,Mon Sep 17 19:21:31 +0000 2018
137,@CNN,38,"US Ambassador to the United Nations Nikki Haley accused Russia of ""cheating"" and acting like a ""virus"" by helping N‚Ä¶ https://t.co/lbssWyG8de",0.6486,0.292,0.623,0.086,Mon Sep 17 19:10:34 +0000 2018
138,@CNN,39,"A female aid worker abducted in Nigeria's troubled northeast region has been killed, the International Committee of‚Ä¶ https://t.co/IXKrPun1wA",-0.8957,0.0,0.565,0.435,Mon Sep 17 19:05:12 +0000 2018
139,@CNN,40,"If not for a would-be victim's quick thinking, a supervisory Border Patrol agent accused in a string of killings in‚Ä¶ https://t.co/48TjOcsGuv",-0.7717,0.0,0.705,0.295,Mon Sep 17 19:03:19 +0000 2018
140,@CNN,41,The plan could boost the stock price from about 2 cents to as much as $10 ‚Äî enough to possibly keep the stock tradi‚Ä¶ https://t.co/p5KzLoEoJH,0.4019,0.109,0.891,0.0,Mon Sep 17 18:43:45 +0000 2018
141,@CNN,42,Executives at MoviePass' parent company are asking shareholders to vote on a plan that could increase the company's‚Ä¶ https://t.co/dp4Di4vOYn,0.3182,0.119,0.881,0.0,Mon Sep 17 18:39:10 +0000 2018
142,@CNN,43,There have been more than 500 reports of price gouging in North Carolina after Florence https://t.co/OZvVeq3jpX https://t.co/SHSacdL2up,0.0,0.0,1.0,0.0,Mon Sep 17 18:30:07 +0000 2018
143,@CNN,44,"More than 9,000 US children are injured by infant walkers every year, study finds https://t.co/JpFeYhDv3u https://t.co/nLS4HgDSHD",-0.4019,0.0,0.847,0.153,Mon Sep 17 18:20:07 +0000 2018
144,@CNN,45,The Australian government has ordered a federal investigation into the contamination of strawberries with needles a‚Ä¶ https://t.co/6ZiZW5q7qw,0.0,0.0,1.0,0.0,Mon Sep 17 18:10:04 +0000 2018
145,@CNN,46,"Nearly 1 in 11 middle and high school students in the US has used cannabis in an e-cigarette, according to a new re‚Ä¶ https://t.co/sON8jMXxpz",0.0,0.0,1.0,0.0,Mon Sep 17 18:00:18 +0000 2018
146,@CNN,47,Multi-surface cleaners and other commonly used household disinfectants could be making children overweight by alter‚Ä¶ https://t.co/zszB2MuLDH,-0.3612,0.0,0.857,0.143,Mon Sep 17 17:50:07 +0000 2018
147,@CNN,48,They watched their homes get ripped apart and the government struggle to restore water and power. A year after Hurr‚Ä¶ https://t.co/gJTbjSjkmK,-0.0258,0.098,0.8,0.102,Mon Sep 17 17:40:06 +0000 2018
148,@CNN,49,"Jaguar Land Rover has put 1,000 workers at one of its UK plants on a three-day work week because of plummeting dies‚Ä¶ https://t.co/1xLTHeewzt",0.0,0.0,1.0,0.0,Mon Sep 17 17:30:09 +0000 2018
149,@CNN,50,"More than 9,000 US children are injured by infant walkers every year, study finds https://t.co/kLbQTHxmlw https://t.co/x3CdR7ZjLp",-0.4019,0.0,0.847,0.153,Mon Sep 17 17:20:06 +0000 2018
150,@CNN,51,There have been more than 500 reports of price gouging in North Carolina after Florence https://t.co/ch176tp29f https://t.co/rxeDVzEjLU,0.0,0.0,1.0,0.0,Mon Sep 17 17:10:06 +0000 2018
151,@CNN,52,Multi-surface cleaners and other commonly used household disinfectants could be making children overweight by alter‚Ä¶ https://t.co/Qo4aCdi1YN,-0.3612,0.0,0.857,0.143,Mon Sep 17 17:00:17 +0000 2018
152,@CNN,53,Scientists believe they have discovered the first examples of air pollution traveling through the bloodstream of pr‚Ä¶ https://t.co/jAVHD7SRjX,0.0,0.0,1.0,0.0,Mon Sep 17 16:50:10 +0000 2018
153,@CNN,54,A supervisory US Border Patrol agent who authorities are calling a serial killer was arrested Saturday in the death‚Ä¶ https://t.co/1zOv4DID57,-0.8126,0.0,0.684,0.316,Mon Sep 17 16:40:05 +0000 2018
154,@CNN,55,Amazon is investigating allegations that some of its employees have offered to leak confidential information and de‚Ä¶ https://t.co/rQ2XAIahvJ,-0.1779,0.085,0.796,0.119,Mon Sep 17 16:30:01 +0000 2018
155,@CNN,56,"The woman accusing Supreme Court nominee Brett Kavanaugh of physical and sexual assault ""should not be ignored or i‚Ä¶ https://t.co/ILYRBRdACI",0.016,0.206,0.591,0.203,Mon Sep 17 16:20:07 +0000 2018
156,@CNN,57,"If you don't have enough cash to buy a new iPhone with X in its name, you can freshen up your existing device with‚Ä¶ https://t.co/ubHhhdjO1w",0.0,0.0,1.0,0.0,Mon Sep 17 16:10:03 +0000 2018
157,@CNN,58,"""To me, I figured this is the right thing to do"": A teenager found a purse with $10,000 inside and returned it‚Ä¶ https://t.co/JUcdQpiS5x",0.0,0.0,1.0,0.0,Mon Sep 17 16:00:14 +0000 2018
158,@CNN,59,Coca-Cola is considering a move into the growing market for cannabis-infused drinks https://t.co/1LMc58XgDt https://t.co/WYpjZQRSo4,0.1779,0.124,0.876,0.0,Mon Sep 17 15:50:13 +0000 2018
159,@CNN,60,"Nearly 1 in 11 middle and high school students in the US has used cannabis in an e-cigarette, according to a new re‚Ä¶ https://t.co/CGQEAowTaG",0.0,0.0,1.0,0.0,Mon Sep 17 15:40:04 +0000 2018
160,@CNN,61,From roommates to co-CEOs ‚Äì how @cbzakin and @DMWeisberg launched @theskimm on the couch of their NYC apartment and‚Ä¶ https://t.co/y7RgxjAjZV,0.128,0.077,0.923,0.0,Mon Sep 17 15:30:00 +0000 2018
161,@CNN,62,Judge Brett Kavanaugh is at the White House meeting with the White House legal team to prepare for potential interv‚Ä¶ https://t.co/2yXmdBoMjP,0.128,0.07,0.93,0.0,Mon Sep 17 15:20:10 +0000 2018
162,@CNN,63,"Supreme Court nominee Brett Kavanaugh is not opposed to sharing his point of view, answering more questions or prov‚Ä¶ https://t.co/bDUtNboIsW",0.3111,0.15,0.752,0.097,Mon Sep 17 15:10:06 +0000 2018
163,@CNN,64,President Trump is planning to impose a fresh round of tariffs targeting about $200 billion in Chinese goods as ear‚Ä¶ https://t.co/jxdOoymP5B,0.0258,0.102,0.8,0.098,Mon Sep 17 15:00:02 +0000 2018
164,@CNN,65,"In 2019, the last of Volkswagen's famous ""Beetles"" will be rolled off the production line, 80 years after they firs‚Ä¶ https://t.co/yGm6UrSMI4",0.0,0.0,1.0,0.0,Mon Sep 17 14:55:00 +0000 2018
165,@CNN,66,"In her first solo project as a member of the royal family, Meghan, Duchess of Sussex, is supporting a new charity c‚Ä¶ https://t.co/hj6RGd5KKv",0.6908,0.231,0.769,0.0,Mon Sep 17 14:50:00 +0000 2018
166,@CNN,67,"In mid-August, just after sunset, the skies over Amsterdam were lit by a swarm of 300 glowing drones moving through‚Ä¶ https://t.co/NW6gNEq4UH",0.0,0.0,1.0,0.0,Mon Sep 17 14:40:00 +0000 2018
167,@CNN,68,Supreme Court nominee Brett Kavanaugh has released a new statement on the allegation of physical and sexual assault‚Ä¶ https://t.co/OMP7zQm7a8,0.5574,0.175,0.825,0.0,Mon Sep 17 14:33:06 +0000 2018
168,@CNN,69,20 things to eat before you die: https://t.co/Pj421cgKsJ https://t.co/lNO5JdERBK,-0.5994,0.0,0.672,0.328,Mon Sep 17 14:30:00 +0000 2018
169,@CNN,70,"Ever wondered what all those switches, dials and levers do in the cockpit of an airplane? We did too, so we asked a‚Ä¶ https://t.co/bYg8OPJwUV",0.0,0.0,1.0,0.0,Mon Sep 17 14:20:00 +0000 2018
170,@CNN,71,CNN Meteorologist @VanDamCNN tracked Hurricane Florence from start to finish. Here's how the storm unfolded from hi‚Ä¶ https://t.co/DVxStFNq9e,0.0,0.0,1.0,0.0,Mon Sep 17 14:10:00 +0000 2018
171,@CNN,72,"In a rare bipartisan move, the Senate is expected to vote today on legislation aimed at combating the opioid epidem‚Ä¶ https://t.co/qluY14WoRD",0.0,0.0,1.0,0.0,Mon Sep 17 14:00:06 +0000 2018
172,@CNN,73,"This drone video shows a flooded downtown Fayetteville, North Carolina, after Florence dropped more than 16 inches‚Ä¶ https://t.co/QuX7N22kal",0.0,0.0,1.0,0.0,Mon Sep 17 13:50:29 +0000 2018
173,@CNN,74,The Australian government has ordered a federal investigation into the contamination of strawberries with needles a‚Ä¶ https://t.co/S54ufkEkvZ,0.0,0.0,1.0,0.0,Mon Sep 17 13:40:42 +0000 2018
174,@CNN,75,"More than 9,000 US children are injured by infant walkers every year, study finds https://t.co/uuT1HK2QQ8 https://t.co/gD14nU5IW6",-0.4019,0.0,0.847,0.153,Mon Sep 17 13:24:15 +0000 2018
175,@CNN,76,"RT @drsanjaygupta: Do you take a low-dose aspirin every day? A large new study finds, for many healthy older adults, the risks outweigh the‚Ä¶",0.1531,0.109,0.806,0.085,Mon Sep 17 13:17:14 +0000 2018
176,@CNN,77,There have been more than 500 reports of price gouging in North Carolina after Florence https://t.co/mT4hJ3cB69 https://t.co/mwgTnq6Mq8,0.0,0.0,1.0,0.0,Mon Sep 17 13:02:17 +0000 2018
177,@CNN,78,Multi-surface cleaners and other commonly used household disinfectants could be making children overweight by alter‚Ä¶ https://t.co/RG1gdyUAD6,-0.3612,0.0,0.857,0.143,Mon Sep 17 13:01:40 +0000 2018
178,@CNN,79,Scientists believe they have discovered the first examples of air pollution traveling through the bloodstream of pr‚Ä¶ https://t.co/tbSn8NbmNB,0.0,0.0,1.0,0.0,Mon Sep 17 12:33:12 +0000 2018
179,@CNN,80,A supervisory US Border Patrol agent who authorities are calling a serial killer was arrested Saturday in the death‚Ä¶ https://t.co/l4gOpLdal1,-0.8126,0.0,0.684,0.316,Mon Sep 17 12:22:51 +0000 2018
180,@CNN,81,This North Carolina family just lost their home to hurricane flooding for the second time in less than 20 years‚Ä¶ https://t.co/xLZRWW6GUW,-0.3182,0.0,0.897,0.103,Mon Sep 17 12:08:10 +0000 2018
181,@CNN,82,JUST IN: The lawyer for a woman accusing Supreme Court nominee Brett Kavanaugh says her client is willing to testif‚Ä¶ https://t.co/N70ZCkuCAk,0.4404,0.155,0.773,0.073,Mon Sep 17 11:47:44 +0000 2018
182,@CNN,83,They watched their homes get ripped apart and the government struggle to restore water and power. A year after Hurr‚Ä¶ https://t.co/3WLfzNkzLP,-0.0258,0.098,0.8,0.102,Mon Sep 17 11:30:09 +0000 2018
183,@CNN,84,Amazon is investigating allegations that some of its employees have offered to leak confidential information and de‚Ä¶ https://t.co/8Aqu4P28WJ,-0.1779,0.085,0.796,0.119,Mon Sep 17 11:20:07 +0000 2018
184,@CNN,85,"RT @NewDay: WaPo reporter Emma Brown says Kavanaugh accuser first came forward to her ""in early July when Brett Kavanaugh was on the shortl‚Ä¶",0.0,0.0,1.0,0.0,Mon Sep 17 11:16:37 +0000 2018
185,@CNN,86,CNN Meteorologist @VanDamCNN tracked Hurricane Florence from start to finish. Here's how the storm unfolded from hi‚Ä¶ https://t.co/H0Ot6X6ol1,0.0,0.0,1.0,0.0,Mon Sep 17 11:10:00 +0000 2018
186,@CNN,87,"5 things for Monday:

- Hurricane Florence
- Brett Kavanaugh
- Typhoon Mangkhut
- Fan Bingbing
- The Vatican‚Ä¶ https://t.co/YHowPPVqoL",0.3182,0.15,0.85,0.0,Mon Sep 17 11:00:10 +0000 2018
187,@CNN,88,"More than 9,000 US children are injured by infant walkers every year, study finds https://t.co/jkmYJzueED https://t.co/SKo4YjcWiM",-0.4019,0.0,0.847,0.153,Mon Sep 17 10:50:04 +0000 2018
188,@CNN,89,Multi-surface cleaners and other commonly used household disinfectants could be making children overweight by alter‚Ä¶ https://t.co/XxiizBAu8e,-0.3612,0.0,0.857,0.143,Mon Sep 17 10:40:03 +0000 2018
189,@CNN,90,Supreme Court nominee Brett Kavanaugh is facing accusations that echo Anita Hill's 1991 sexual harassment claims ab‚Ä¶ https://t.co/wmM0ANwLI9,-0.296,0.148,0.615,0.238,Mon Sep 17 10:32:05 +0000 2018
190,@CNN,91,The Australian government has ordered a federal investigation into the contamination of strawberries with needles a‚Ä¶ https://t.co/9JI5lo6vAH,0.0,0.0,1.0,0.0,Mon Sep 17 10:30:09 +0000 2018
191,@CNN,92,"In a rare bipartisan move, the Senate is expected to vote today on legislation aimed at combating the opioid epidem‚Ä¶ https://t.co/jeGkM6nhpn",0.0,0.0,1.0,0.0,Mon Sep 17 10:20:08 +0000 2018
192,@CNN,93,This North Carolina family just lost their home to hurricane flooding for the second time in less than 20 years‚Ä¶ https://t.co/gEtTEGSxvt,-0.3182,0.0,0.897,0.103,Mon Sep 17 10:18:06 +0000 2018
193,@CNN,94,Three options that could await House Democrats after the midterms https://t.co/QPc0pfOhDv https://t.co/Vydv9yUFfc,0.1027,0.113,0.887,0.0,Mon Sep 17 10:10:13 +0000 2018
194,@CNN,95,This isn't just another Greek island. The secluded destination of Patmos is where St. John had visions that inspire‚Ä¶ https://t.co/PWtdGX5ODN,0.2263,0.091,0.909,0.0,Mon Sep 17 10:00:46 +0000 2018
195,@CNN,96,The Australian government has ordered a federal investigation into the contamination of strawberries with needles a‚Ä¶ https://t.co/aHQvx6ABzy,0.0,0.0,1.0,0.0,Mon Sep 17 09:49:53 +0000 2018
196,@CNN,97,"Household disinfectants could be making kids overweight, a new study says https://t.co/KTE1YzELRy https://t.co/Jz14lQOBrs",-0.3612,0.0,0.815,0.185,Mon Sep 17 09:38:53 +0000 2018
197,@CNN,98,Meghan Markle is championing a new cookbook showcasing recipes from women whose community was affected by the Grenf‚Ä¶ https://t.co/sHuNvH9KLA,0.296,0.137,0.784,0.078,Mon Sep 17 09:30:30 +0000 2018
198,@CNN,99,"Ever wondered what all those switches, dials and levers do in the cockpit of an airplane?

We did too, so we asked‚Ä¶ https://t.co/2fbCFgo0Es",0.0,0.0,1.0,0.0,Mon Sep 17 09:23:11 +0000 2018
199,@CNN,100,"The strongest hurricanes are called Category 5. But with the strong storms we've seen in the past few days, and the‚Ä¶ https://t.co/sGuqTk8pRP",0.7351,0.237,0.763,0.0,Mon Sep 17 09:18:10 +0000 2018
200,@bbcus,1,Obama urges tourism to aid Gulf economy post-spill http://www.bbc.co.uk/news/world-us-canada-10976896,0.0,0.0,1.0,0.0,Sun Aug 15 11:34:05 +0000 2010
201,@bbcus,2,Spectators killed at US California 200 off-road race http://www.bbc.co.uk/news/world-us-canada-10978569,-0.6705,0.0,0.64,0.36,Sun Aug 15 11:33:44 +0000 2010
202,@bbcus,3,Zsa Zsa Gabor back in hospital for another operation http://www.bbc.co.uk/news/entertainment-arts-10979053,0.0,0.0,1.0,0.0,Sun Aug 15 11:33:35 +0000 2010
203,@bbcus,4,Diana Dors sports car to be sold http://www.bbc.co.uk/news/world-us-canada-10975531,0.0,0.0,1.0,0.0,Sun Aug 15 11:33:17 +0000 2010
204,@bbcus,5,Obama defends right to build mosque near 9/11 site http://www.bbc.co.uk/news/world-us-canada-10973459,0.0,0.0,1.0,0.0,Sat Aug 14 12:30:28 +0000 2010
205,@bbcus,6,US retail sales rise boosted by car sales http://www.bbc.co.uk/news/business-10965992,0.3612,0.238,0.762,0.0,Sat Aug 14 12:29:57 +0000 2010
206,@bbcus,7,Obama signs $600m US-Mexico border bill  http://www.bbc.co.uk/news/world-us-canada-10969738,0.0,0.0,1.0,0.0,Sat Aug 14 12:29:19 +0000 2010
207,@bbcus,8,Obama signs $600m US-Mexico border bill http://www.bbc.co.uk/news/world/us_and_canada/,0.0,0.0,1.0,0.0,Sat Aug 14 12:28:58 +0000 2010
208,@bbcus,9,Stabbing suspect to return to Michigan to face charges http://www.bbc.co.uk/news/world-us-canada-10971662,-0.5106,0.0,0.65,0.35,Sat Aug 14 12:28:29 +0000 2010
209,@bbcus,10,BP will continue drilling a relief well in the Gulf http://www.bbc.co.uk/news/world-us-canada-10968040,0.6369,0.394,0.606,0.0,Sat Aug 14 12:28:10 +0000 2010
210,@bbcus,11,Barack Obama and Hamid Karzai pledge unity on Taliban http://www.bbc.co.uk/news/world-south-asia-10973654,0.0,0.0,1.0,0.0,Sat Aug 14 12:27:47 +0000 2010
211,@bbcus,12,Protesters denounce Google plan for 'two-tier internet' http://www.bbc.co.uk/news/technology-10961776,-0.5106,0.0,0.583,0.417,Sat Aug 14 12:27:30 +0000 2010
212,@bbcus,13,US firm awarded $110m for salvaging Titanic artefacts http://www.bbc.co.uk/news/world-us-canada-10973009,0.4019,0.252,0.748,0.0,Sat Aug 14 12:26:54 +0000 2010
213,@bbcus,14,"Eight shot, four dead outside Buffalo restaurant in US http://www.bbc.co.uk/news/world-us-canada-10974807",-0.6486,0.0,0.677,0.323,Sat Aug 14 12:26:26 +0000 2010
214,@fox,1,"RT @lehudgins: ""I don't believe in equal opportunity offense because there isn't equal opportunity."" -@harikondabolu

#xoxofest2018",0.2023,0.149,0.745,0.106,Mon Sep 10 15:57:26 +0000 2018
215,@fox,2,RT @GermanCityGirl: ‚ÄúThere‚Äôs no goddamned thought police or so many white men would be arrested by now.‚Äù - @harikondabolu #XOXOFest #xoxo,-0.7964,0.0,0.677,0.323,Mon Sep 10 15:57:15 +0000 2018
216,@fox,3,RT @jina: I'm tired of people saying that CSS is a useless skill to have. I built up my whole career around it and I'm proud of the work I'‚Ä¶,-0.3818,0.092,0.74,0.169,Sun Sep 09 23:03:46 +0000 2018
217,@fox,4,RT @femfreq: Great advice from @ContraPoints üòÇüòâ #XOXOFest #xoxo https://t.co/JxCOcxLNQ7,0.6249,0.313,0.687,0.0,Sat Sep 08 23:41:17 +0000 2018
218,@fox,5,"After so many years, I‚Äôm finally here, ready to undeniably be blown away. üíô @andymcmillan and @waxpancake for bring‚Ä¶ https://t.co/j0vihTKMTN",0.3612,0.122,0.878,0.0,Fri Sep 07 02:23:15 +0000 2018
219,@fox,6,@jennschiffer hi Jenn look right,0.0,0.0,1.0,0.0,Fri Sep 07 01:57:50 +0000 2018
220,@fox,7,"@ohhoe @alicegoldfuss pok pok, bollywood theather, woodsman tavern, harlow, good coffee, coava coffee, stumptown, s‚Ä¶ https://t.co/aHWKgPpSTR",0.4404,0.162,0.838,0.0,Wed Sep 05 21:35:33 +0000 2018
221,@fox,8,@paulozoom the only suitable plan seems to be ice cream?,0.0,0.0,1.0,0.0,Wed Sep 05 21:32:37 +0000 2018
222,@fox,9,@alicegoldfuss @ohhoe here to provide recommendations if anyone needs some! especially in SE ‚úåüèª,0.0,0.0,1.0,0.0,Wed Sep 05 21:29:31 +0000 2018
223,@fox,10,@paulozoom I see you creepin‚Äô in the SE üëãüèª,0.0,0.0,1.0,0.0,Wed Sep 05 21:28:35 +0000 2018
224,@fox,11,@mrmrs_ I got u https://t.co/rWaFh4GOaW,0.0,0.0,1.0,0.0,Wed Sep 05 15:42:48 +0000 2018
225,@fox,12,@amelielamont üôãüèª,0.0,0.0,1.0,0.0,Tue Sep 04 17:44:58 +0000 2018
226,@fox,13,"@justkelly_ok omg, see you there!",0.0,0.0,1.0,0.0,Mon Sep 03 23:11:00 +0000 2018
227,@fox,14,"I can‚Äôt even begin to grasp how many amazing people are going to be at @xoxo later this week. So excited!

Say hi, don‚Äôt be a stranger! üëãüèªüíñ",0.7951,0.228,0.772,0.0,Mon Sep 03 22:37:42 +0000 2018
228,@fox,15,"RT @css: A new Chrome feature dubbed ""Blink LazyLoad"" is designed to dramatically improve performance by deferring the load of below-the-fo‚Ä¶",0.296,0.128,0.796,0.075,Thu Aug 30 00:10:58 +0000 2018
229,@fox,16,"I‚Äôm so happy I work at a company that deeply cares about, tracks, stays humble and makes no excuses for pitfalls in‚Ä¶ https://t.co/IgZJlMkP07",0.7258,0.265,0.655,0.08,Fri Aug 24 00:29:24 +0000 2018
230,@fox,17,"RT @fox: üëãüèªI‚Äôm selling a bit of Apple gear in excellent condition, Melbourne only. Retweets welcome. Reply or email if you‚Äôre interested.‚Ä¶",0.7717,0.261,0.739,0.0,Wed Aug 22 03:39:28 +0000 2018
231,@fox,18,"A friendly reminder that Guetzli, Google‚Äôs open source JPEG encoder, might be slower but can yield even up to 50% a‚Ä¶ https://t.co/FN26irQYi8",0.2732,0.095,0.905,0.0,Tue Aug 21 23:51:22 +0000 2018
232,@fox,19,"Lazy loading content can be a very powerful performance strategy. Unfortunately, often it‚Äôs complicated to implemen‚Ä¶ https://t.co/ZHbSmxFB25",-0.204,0.147,0.619,0.233,Mon Aug 20 23:03:43 +0000 2018
233,@fox,20,"üëãüèªI‚Äôm selling a bit of Apple gear in excellent condition, Melbourne only. Retweets welcome. Reply or email if you‚Äôr‚Ä¶ https://t.co/Kift5NHw9e",0.7717,0.283,0.717,0.0,Mon Aug 20 00:00:09 +0000 2018
234,@fox,21,"@j2h @benschwarz I get off twitter and this is what happens? what is this bromance, Josh??? should I feel threatened? üòÇ",-0.6072,0.0,0.811,0.189,Thu Aug 09 04:56:06 +0000 2018
235,@fox,22,"We all need a bit of good news in those disturbing times‚Äîhere‚Äôs where @goodgoodgood delivers. 

https://t.co/T5qhMKd4aY",-0.1027,0.151,0.677,0.172,Wed Aug 08 02:12:41 +0000 2018
236,@fox,23,"I travel a bit and carefully choose where I stay, eat and go (uh, the designer struggle). I üòç @sabrina‚Äôs‚Ä¶ https://t.co/f43vmBg3DW",0.128,0.091,0.909,0.0,Wed Aug 08 02:10:53 +0000 2018
237,@fox,24,I‚Äôve recently subscribed to @jkglei‚Äôs newsletter and never looked back. Love the focus on thoughtful technology and‚Ä¶ https://t.co/m28bMmSEBV,-0.1945,0.118,0.728,0.153,Wed Aug 08 02:08:41 +0000 2018
238,@fox,25,"If customer success, culture, growth and product are your jam, I couldn‚Äôt recommend @helpscout‚Äôs newsletters more.‚Ä¶ https://t.co/8ji9mKMLeX",0.8316,0.404,0.596,0.0,Wed Aug 08 02:07:07 +0000 2018
239,@fox,26,"I have been enjoying @intercom newsletters for product, marketing and startup tips. The quality has always been ama‚Ä¶ https://t.co/fA9fw1KXIt",0.5267,0.167,0.833,0.0,Wed Aug 08 01:59:38 +0000 2018
240,@fox,27,"The Daily Good from @thegoodtrade covers conscious, sustainable fashion, wellbeing, beauty, food, lifestyle and tra‚Ä¶ https://t.co/qmAOyGcm9i",0.7717,0.324,0.676,0.0,Wed Aug 08 01:57:04 +0000 2018
241,@fox,28,Friday is one of my favourite days because of @girlsnightinHQ. A perfect encapsulation of self-care and womanhood.‚Ä¶ https://t.co/HhI1mGfXe8,0.5719,0.188,0.812,0.0,Wed Aug 08 01:54:45 +0000 2018
242,@fox,29,"I love @offscreenmag Dispatch. Great productivity tools, services and design objects all wrapped up in a lovely des‚Ä¶ https://t.co/lR8tsWKGNw",0.9201,0.464,0.536,0.0,Wed Aug 08 01:50:21 +0000 2018
243,@fox,30,Here are my favourite newsletters (it‚Äôs now the primary way I discover content as I‚Äôve mostly ditched reading social media). ‚Üì,0.0,0.0,1.0,0.0,Wed Aug 08 01:48:16 +0000 2018
244,@fox,31,RT @6Gems: Black women are paid 38% less than white men. I support equal pay‚Äîbecause #38PercentCounts. https://t.co/mXFOdcL8Q3,0.4019,0.153,0.847,0.0,Tue Aug 07 23:32:22 +0000 2018
245,@fox,32,"If you‚Äôre up for a conference-grade talk about UX and groundbreaking performance strategies, come to see‚Ä¶ https://t.co/x2sghiw62F",0.0,0.0,1.0,0.0,Tue Aug 07 23:32:15 +0000 2018
246,@fox,33,"RT @Calibreapp: Scheduler 2.0

Our longest standing feature request was to improve Calibre‚Äôs test scheduler. That‚Äôs exactly what we‚Äôve done‚Ä¶",0.4404,0.132,0.868,0.0,Tue Aug 07 23:28:56 +0000 2018
247,@fox,34,"RT @fox: Hey #dddperth, here are the slides with all the references from my keynote about building a welcoming, ethical Web! Transcript com‚Ä¶",0.7574,0.245,0.755,0.0,Tue Aug 07 23:06:06 +0000 2018
248,@fox,35,"@LNRBLB thank you, Eleanor! üéâ",0.4199,0.482,0.518,0.0,Sat Aug 04 03:47:44 +0000 2018
249,@fox,36,@cckate thank you! üíñ,0.4199,0.583,0.417,0.0,Sat Aug 04 03:27:03 +0000 2018
250,@fox,37,"Hey #dddperth, here are the slides with all the references from my keynote about building a welcoming, ethical Web!‚Ä¶ https://t.co/hPilGINzyI",0.7574,0.276,0.724,0.0,Sat Aug 04 03:12:25 +0000 2018
251,@fox,38,"@Chisa omg, this is so great! thank you, Teresa! üòç",0.8626,0.551,0.449,0.0,Sat Aug 04 03:05:32 +0000 2018
252,@fox,39,RT @andreabedini: I am extremely grateful to @fox for showing me today how technology became anti-human while we weren‚Äôt paying attention.‚Ä¶,0.5095,0.148,0.852,0.0,Sat Aug 04 03:04:39 +0000 2018
253,@fox,40,"@andreabedini thank you, Andrea! I‚Äôm glad you‚Äôve found it useful!",0.8395,0.562,0.438,0.0,Sat Aug 04 03:04:32 +0000 2018
254,@fox,41,"@evandotly thank you, Evan! üå∏",0.4199,0.482,0.518,0.0,Sat Aug 04 03:03:40 +0000 2018
255,@fox,42,RT @msandfor: #dddperth We must build ethical thinking into the way we build software https://t.co/F4QKYOVT1p,0.5106,0.191,0.809,0.0,Sat Aug 04 03:03:16 +0000 2018
256,@fox,43,RT @MichelePlayfair: Thread ‚òùÔ∏è‚òùÔ∏è 8 principles of ethics in tech from @fox at #DDDPerth üëè,0.0,0.0,1.0,0.0,Sat Aug 04 03:03:07 +0000 2018
257,@fox,44,@samwilson yes :),0.6908,0.851,0.149,0.0,Sat Aug 04 03:02:36 +0000 2018
258,@fox,45,"RT @Amys_Kapers: Until anyone can survive and thrive on the web, no matter their background, gender, ethnicity, etc, the web isn't a welcom‚Ä¶",-0.2732,0.047,0.858,0.094,Sat Aug 04 03:01:15 +0000 2018
259,@fox,46,RT @MichelePlayfair: . @fox dropping the keynote truth bombs at #dddperth https://t.co/RKAgOSozMB,0.3182,0.187,0.813,0.0,Sat Aug 04 03:00:55 +0000 2018
260,@fox,47,"RT @Mandy_Kerr: ‚ÄúDisruption isn‚Äôt a getaway free card to bypass laws, freedoms, moral compass, civil rights and human protections‚Äù - @fox #‚Ä¶",0.6705,0.234,0.766,0.0,Sat Aug 04 03:00:48 +0000 2018
261,@fox,48,RT @Chisa: TOO much good stuff from @Fox @dddperth #dddperth https://t.co/XVI1DHGQdd,0.4404,0.225,0.775,0.0,Sat Aug 04 02:43:00 +0000 2018
262,@fox,49,RT @kylietimpani: I cannot applaud or amplify @fox‚Äôs message enough: the web is at a crisis point. Tech is unethical. Exclusionary. A platf‚Ä¶,-0.8714,0.0,0.632,0.368,Sat Aug 04 02:42:39 +0000 2018
263,@fox,50,RT @Caiwrote: @fox laying down some truths #DDDPerth https://t.co/o2eJNcU5UQ,0.4215,0.259,0.741,0.0,Sat Aug 04 02:42:17 +0000 2018
264,@fox,51,"RT @Mandy_Kerr: ‚ÄúTechnology should be a mindful, quiet companion to our lives‚Äù - @fox #DDDPerth https://t.co/vB6wBAdqvr",0.0,0.0,1.0,0.0,Sat Aug 04 02:41:59 +0000 2018
265,@fox,52,"RT @LJKenward: Opening #DDDPerth is the incredible @fox with Towards a welcoming Web.

The Pitfalls of Technology:

Move fast and break thi‚Ä¶",0.4404,0.127,0.873,0.0,Sat Aug 04 02:41:51 +0000 2018
266,@fox,53,I forgot that Twitter is the epicentre of harassment and anxiety-inducing content. Back to sharing via Buffer and n‚Ä¶ https://t.co/jiBOURbIKk,-0.1779,0.12,0.73,0.15,Fri Aug 03 08:49:38 +0000 2018
267,@fox,54,"RT @evan_greer: Sarah Jeong is a badass &amp; reverse racism is not a thing
 Sarah Jeong is a badass &amp; reverse racism is not a thing
 Sarah Jeo‚Ä¶",-0.886,0.0,0.637,0.363,Fri Aug 03 08:20:43 +0000 2018
268,@fox,55,"It‚Äôs a privilege to be opening #dddperth tomorrow morning! Come and find out how to build an ethical, welcoming Web‚Ä¶ https://t.co/eC1xTFZ3YR",0.8398,0.346,0.654,0.0,Fri Aug 03 07:24:56 +0000 2018
269,@fox,56,RT @verge: A note from the editors of The Verge https://t.co/B3wF4dNukg https://t.co/fhgvH9WlkC,0.0,0.0,1.0,0.0,Fri Aug 03 07:21:15 +0000 2018
270,@fox,57,"What are your favourite newsletters covering the following subjects: tech, design, front-end, culture, design objects, travel, well-being?",0.0,0.0,1.0,0.0,Thu Aug 02 04:10:03 +0000 2018
271,@fox,58,"@soxyface Thank you, it was lovely meeting you! üíê",0.7644,0.524,0.476,0.0,Wed Aug 01 22:42:57 +0000 2018
272,@fox,59,"@sentience Thank you! I really enjoyed yours too! 

I‚Äôm doing a 45-min version at @DDDPerth this weekend that has m‚Ä¶ https://t.co/Drn3ODuLx2",0.7702,0.282,0.718,0.0,Wed Aug 01 21:37:21 +0000 2018
273,@fox,60,@soxyface @MsJonesInSydney here are the slides with all the references. üôáüèª‚Äç‚ôÄÔ∏è I will publish a transcript next week! https://t.co/EcSUpoi0Rw,0.0,0.0,1.0,0.0,Wed Aug 01 06:18:32 +0000 2018
274,@fox,61,@marcosc thank you! üôáüèª‚Äç‚ôÄÔ∏è,0.4199,0.482,0.518,0.0,Wed Aug 01 06:16:28 +0000 2018
275,@fox,62,"RT @MsJonesInSydney: The theme at #Code18 #CodeLeaders is strong! @fox is currently highlighting algorithmic bias, tech ethics and exclusio‚Ä¶",0.4926,0.163,0.773,0.064,Wed Aug 01 06:13:13 +0000 2018
276,@fox,63,"@DivZero_ indeed, it‚Äôs all challenging and often depressing, but if we don‚Äôt take action it won‚Äôt get any better. i‚Ä¶ https://t.co/lldW02OHPv",0.5187,0.206,0.721,0.072,Wed Aug 01 06:12:58 +0000 2018
277,@fox,64,"So refreshing to hear @johnallsopp reminding about inclusion, diversity and sharing knowledge around these subjects‚Ä¶ https://t.co/Ink4d4W7m5",0.4215,0.157,0.843,0.0,Wed Aug 01 02:35:19 +0000 2018
278,@fox,65,"Well, @msjonesinsydney definitely knows how to drop the mic on horrifying diversity and inclusion stats. 

A fantas‚Ä¶ https://t.co/GeLolnfgEm",-0.25,0.203,0.551,0.246,Wed Aug 01 02:32:40 +0000 2018
279,@fox,66,@benschwarz nooo pressure whatsoever,-0.296,0.0,0.577,0.423,Wed Aug 01 02:18:01 +0000 2018
280,@fox,67,That moment when a white guy says ‚Äùthere aren‚Äôt many women developers‚Äù and you cross eyes with any other woman in t‚Ä¶ https://t.co/033oMUbEl8,0.0,0.0,1.0,0.0,Wed Aug 01 02:03:31 +0000 2018
281,@fox,68,@Mandy_Kerr the winds have been gracious,0.5574,0.419,0.581,0.0,Wed Aug 01 01:53:15 +0000 2018
282,@fox,69,@soxyface thank you! I‚Äôm hydrating ‚õ≤Ô∏è,0.4199,0.358,0.642,0.0,Tue Jul 31 23:27:35 +0000 2018
283,@fox,70,"I‚Äôll be speaking at @webdirections Code Leaders today at 3.30pm (if I don‚Äôt lose my voice in the meantime üòÇü§ß).

Com‚Ä¶ https://t.co/oh0yLrEE0F",-0.4019,0.0,0.881,0.119,Tue Jul 31 22:58:07 +0000 2018
284,@fox,71,One of the reasons I‚Äôm so excited to be a part of @helpscout is the commitment to building an inclusive culture wit‚Ä¶ https://t.co/6H6GDJ1TON,0.6924,0.222,0.778,0.0,Thu Jul 19 22:21:10 +0000 2018
285,@fox,72,More Boston snaps. https://t.co/NCcWPSV8yX,0.0,0.0,1.0,0.0,Wed Jul 11 21:30:06 +0000 2018
286,@fox,73,"RT @helpscout: Said it once, we'll keep saying it: we are thrilled to add you to the team @fox! ü¶ä https://t.co/bKc6GSq6tR",0.4926,0.144,0.856,0.0,Mon Jul 09 23:35:49 +0000 2018
287,@fox,74,"@mattopsahl lol, offensive",-0.0516,0.412,0.147,0.441,Mon Jul 09 20:12:02 +0000 2018
288,@fox,75,"@tompedals yay, hello, hi! üëãüèª",0.5707,0.48,0.52,0.0,Mon Jul 09 19:43:29 +0000 2018
289,@fox,76,"@madalynrose thanks, Madalyn. üíñ",0.4404,0.592,0.408,0.0,Mon Jul 09 19:43:13 +0000 2018
290,@fox,77,"@andymcmillan weee, thank you!!",0.4738,0.507,0.493,0.0,Mon Jul 09 19:43:04 +0000 2018
291,@fox,78,@jennwrites üíñüíñüíñ,0.0,0.0,1.0,0.0,Mon Jul 09 19:42:56 +0000 2018
292,@fox,79,@paulozoom thank you! it is awesome :),0.8718,0.712,0.288,0.0,Mon Jul 09 19:42:42 +0000 2018
293,@fox,80,@brianloveswords thank you üôáüèª‚Äç‚ôÄÔ∏è,0.3612,0.455,0.545,0.0,Mon Jul 09 19:42:27 +0000 2018
294,@fox,81,"@patrickhamann thanks, Patrick! üíñ",0.4926,0.615,0.385,0.0,Mon Jul 09 19:42:10 +0000 2018
295,@fox,82,@lynnandtonic thank you and I will miss you!,0.2942,0.297,0.532,0.17,Mon Jul 09 19:41:56 +0000 2018
296,@fox,83,"@patrickbjohnson nah, only here for a week. travelling alone so don‚Äôt want to make it a very long trip (hashtag anx‚Ä¶ https://t.co/sdzeg7AUmr",-0.2075,0.072,0.773,0.155,Mon Jul 09 17:17:20 +0000 2018
297,@fox,84,"@lrnrd thanks, bb üíñ",0.4404,0.592,0.408,0.0,Mon Jul 09 17:06:00 +0000 2018
298,@fox,85,"@jstn Oh yeah, Coava, Stumptown and Good Coffee are my long standing favs!",0.6588,0.329,0.671,0.0,Mon Jul 09 13:04:47 +0000 2018
299,@fox,86,"I‚Äôm so spoiled by Melbourne standards I literally cannot drink this liquid that was just served to me as coffee

üòÇüíÄ",0.0,0.0,1.0,0.0,Mon Jul 09 13:00:00 +0000 2018
300,@fox,87,"I‚Äôm excited to share that today is my first day at @helpscout as a front-end engineer on the design team, which is‚Ä¶ https://t.co/LrW8L2lBcq",0.5574,0.187,0.813,0.0,Mon Jul 09 12:42:20 +0000 2018
301,@fox,88,"Here lies Karolina, defeated by jetlag after mere three hours of sleep.",-0.7096,0.0,0.629,0.371,Mon Jul 09 08:03:22 +0000 2018
302,@fox,89,@andrewvijay Everywhere to be honest. That particular one was in the US. That mostly doesn‚Äôt happen in Australia.,0.5106,0.163,0.837,0.0,Sun Jul 08 19:48:49 +0000 2018
303,@fox,90,@mctrebo Boston,0.0,0.0,1.0,0.0,Sun Jul 08 19:48:11 +0000 2018
304,@fox,91,"@LukesBeard It‚Äôs the most annoying thing that all social media, including Instagram, butchers the quality of photos‚Ä¶ https://t.co/7y8A7IuLcT",-0.4576,0.0,0.85,0.15,Sun Jul 08 19:45:15 +0000 2018
305,@fox,92,"‚ÄúPerks‚Äù of traveling alone as a woman: being called ‚Äúhoney‚Äù in all restaurants/stores, being grabbed by the arm by‚Ä¶ https://t.co/ziCifcCI2x",-0.25,0.0,0.9,0.1,Sun Jul 08 19:06:16 +0000 2018
306,@fox,93,@mattopsahl Oh! I did go to the Boston Common and Public Garden :) will check it out!,0.555,0.193,0.807,0.0,Sun Jul 08 17:39:19 +0000 2018
307,@fox,94,@amyngyn tbh I specifically look for ‚Äúhealthy‚Äù recipes because I don‚Äôt want all of the sugar / butter / cream in my‚Ä¶ https://t.co/tEki0zBt8v,0.0772,0.067,0.933,0.0,Sun Jul 08 17:37:47 +0000 2018
308,@fox,95,"Horribly jet lagged and battling anxiety, but Boston sure is pretty. ‚ù§Ô∏è https://t.co/IYfWZjvqLe",0.5499,0.346,0.334,0.32,Sun Jul 08 17:34:51 +0000 2018
309,@fox,96,@jilljubs Omg me too but I‚Äôm also afraid,0.0,0.0,1.0,0.0,Sat Jul 07 15:23:42 +0000 2018
310,@fox,97,"Excited to be going to @xoxo this year with @benschwarz! Portland holds a dear place in my heart. 

Can‚Äôt wait to c‚Ä¶ https://t.co/7s7h3Ti8sp",0.6476,0.209,0.791,0.0,Fri Jul 06 23:22:17 +0000 2018
311,@fox,98,MEL ‚úàÔ∏è LAX ‚úàÔ∏è BOS,0.0,0.0,1.0,0.0,Fri Jul 06 23:06:03 +0000 2018
312,@fox,99,"@LJKenward @LukeMesiti You both will do great, I‚Äôll be cheering you from a transatlantic flight. üíêüòá",0.8126,0.363,0.637,0.0,Thu Jul 05 07:54:19 +0000 2018
313,@fox,100,Jeremy was one of our @cssconfau speakers this year and I cannot recommend him more as a developer with a deep pass‚Ä¶ https://t.co/nHFHIPQXtM,-0.2755,0.0,0.9,0.1,Thu Jul 05 00:18:14 +0000 2018
314,@nytimes,1,"RT @BCAppelbaum: One consequence of tariffs that doesn‚Äôt get much attention: Foreign companies are drawn to the U.S.

That may sound like a‚Ä¶",0.3612,0.102,0.898,0.0,Mon Sep 17 23:11:04 +0000 2018
315,@nytimes,2,Issa Rae! Donald Glover! Yvonne Strahovski! Kristen Bell! Here are all the looks from the Emmys red carpet. https://t.co/g9L1nH41Uy,0.0,0.0,1.0,0.0,Mon Sep 17 22:57:17 +0000 2018
316,@nytimes,3,Breaking News: The U.S. will tax nearly half of all Chinese imports: President Trump announced tariffs on $200 bill‚Ä¶ https://t.co/76RKMiyFYt,0.0,0.0,1.0,0.0,Mon Sep 17 22:45:04 +0000 2018
317,@nytimes,4,Betting against cannabis stocks has come with large losses and big fees this summer https://t.co/zbbwzSpzma,-0.4019,0.0,0.838,0.162,Mon Sep 17 22:32:08 +0000 2018
318,@nytimes,5,Breaking News: The Supreme Court nominee Brett Kavanaugh and the woman who accused him of sexual assault will be ca‚Ä¶ https://t.co/qkrqXKQlzT,-0.34,0.13,0.652,0.217,Mon Sep 17 22:15:10 +0000 2018
319,@nytimes,6,"RT @mlooram: A beautiful and spot-on appreciation of dear Ruby Washington, the first African-American female staff photographer for The New‚Ä¶",0.8689,0.38,0.62,0.0,Mon Sep 17 22:06:03 +0000 2018
320,@nytimes,7,"Breaking News: The Trump administration announced a new cap of 30,000 for resettling refugees, the lowest number ye‚Ä¶ https://t.co/nczCsexrOQ",-0.3182,0.065,0.804,0.131,Mon Sep 17 21:53:03 +0000 2018
321,@nytimes,8,Hundreds of companies are patenting sea organisms' most exceptional genetic traits to make medicine and cosmetics https://t.co/k56Z2Ur4KV,0.0,0.0,1.0,0.0,Mon Sep 17 21:41:06 +0000 2018
322,@nytimes,9,The actor Terry Crews said he had reached a settlement with the talent executive he accused of groping him https://t.co/2XmDwTsERL,0.25,0.187,0.714,0.098,Mon Sep 17 21:40:09 +0000 2018
323,@nytimes,10,"RT @NYTObits: Alan Abel, a hoaxer who in 1980 successfully convinced The Times that he was dead, now actually is (we're pretty sure) https:‚Ä¶",0.5859,0.281,0.586,0.133,Mon Sep 17 21:25:04 +0000 2018
324,@nytimes,11,"""I like how she stood up for herself."" Sonia Sotomayor got an enthusiastic response from kids, especially Hispanic‚Ä¶ https://t.co/OaHePWYwkD",0.6908,0.251,0.749,0.0,Mon Sep 17 21:10:04 +0000 2018
325,@nytimes,12,"Termites are the unloved freaks of the social insect world. But, as a new book makes clear, we have got termites al‚Ä¶ https://t.co/6UyDsZlBSx",-0.1779,0.1,0.734,0.166,Mon Sep 17 20:55:03 +0000 2018
326,@nytimes,13,"Photos: Hong Kong, after it was battered by Typhoon Mangkhut https://t.co/dsc47SPc24",0.0,0.0,1.0,0.0,Mon Sep 17 20:40:08 +0000 2018
327,@nytimes,14,The Emmy Awards are tonight. Here's what to expect. https://t.co/TvE4EcZ7l1,0.4588,0.25,0.75,0.0,Mon Sep 17 20:25:04 +0000 2018
328,@nytimes,15,Brett Kavanaugh said he was willing to speak with a Senate panel to answer assault allegations after his accuser sa‚Ä¶ https://t.co/16ezZKuO01,-0.5859,0.0,0.833,0.167,Mon Sep 17 20:10:08 +0000 2018
329,@nytimes,16,"President Trump defended Judge Brett Kavanaugh in light of an assault claim, but said he'd be willing to accept a d‚Ä¶ https://t.co/Zk2d76Lkkk",0.25,0.137,0.766,0.097,Mon Sep 17 20:06:51 +0000 2018
330,@nytimes,17,More than 40 bodies have been recovered from the wreckage of a gold miners‚Äô bunkhouse after Typhoon Mangkhut set of‚Ä¶ https://t.co/dXctBdY9fk,0.0,0.0,1.0,0.0,Mon Sep 17 20:02:04 +0000 2018
331,@nytimes,18,"Wilmington, North Carolina, a city of about 119,000 residents, was virtually cutoff by rising floodwaters. Authorit‚Ä¶ https://t.co/295gnzOZOz",0.0,0.0,1.0,0.0,Mon Sep 17 19:58:01 +0000 2018
332,@nytimes,19,Ted Cruz‚Äôs campaign has been sending voters a fund-raising letter with a label suggesting it's a legal summons. Tha‚Ä¶ https://t.co/UwGyz2aoTQ,0.128,0.086,0.914,0.0,Mon Sep 17 19:47:57 +0000 2018
333,@nytimes,20,"RT @nytimesarts: Knausgaard's 400-page digression about Hitler in ""My Struggle"" is ""a grindingly sophomoric exercise that sits undigested u‚Ä¶",-0.3182,0.0,0.887,0.113,Mon Sep 17 19:38:04 +0000 2018
334,@nytimes,21,"Tekiah? More like tech-iah, are we right?
(Yeah, we'll show ourselves out.)
https://t.co/78tDxoPs8e",0.4859,0.208,0.792,0.0,Mon Sep 17 19:28:04 +0000 2018
335,@nytimes,22,"Russia and Turkey said they'd create a demilitarized zone in Syria‚Äôs Idlib Province, the last significant piece of‚Ä¶ https://t.co/amqSUfsfmT",0.4404,0.196,0.804,0.0,Mon Sep 17 19:18:04 +0000 2018
336,@nytimes,23,Surging floodwaters from Florence have swept away part of a retaining wall holding back a pond of coal ash ‚Äì which‚Ä¶ https://t.co/cNZ4XVj2LR,0.0,0.0,1.0,0.0,Mon Sep 17 19:08:06 +0000 2018
337,@nytimes,24,"Michael Bloomberg says he may run for president as a Democrat. But his views on banks, police tactics and #MeToo co‚Ä¶ https://t.co/h0V1l73Sug",0.0,0.0,1.0,0.0,Mon Sep 17 18:58:06 +0000 2018
338,@nytimes,25,RT @NYTSports: German soccer has had an awful year. Can it recover in time to win hosting rights for the 2024 European Championship? https:‚Ä¶,0.5719,0.218,0.684,0.098,Mon Sep 17 18:48:04 +0000 2018
339,@nytimes,26,"House Republicans will investigate reports that Brock Long, the administrator of FEMA, repeatedly misused governmen‚Ä¶ https://t.co/RxoJu9PBrC",0.0,0.0,1.0,0.0,Mon Sep 17 18:38:04 +0000 2018
340,@nytimes,27,"The saltmarsh sparrow is in trouble as the sea level keeps rising, pushing tides higher and higher. https://t.co/SFlDaFptBe",-0.4019,0.0,0.863,0.137,Mon Sep 17 18:28:01 +0000 2018
341,@nytimes,28,RT @nytimesworld: Taiwan denounced accusations by China that it is recruiting students as spies: ‚ÄúHow could average exchange students posse‚Ä¶,-0.3182,0.0,0.892,0.108,Mon Sep 17 18:18:01 +0000 2018
342,@nytimes,29,"How to help those affected by Typhoon Mangkhut: https://t.co/fksKlAFOqC
How to help those affected by Florence:‚Ä¶ https://t.co/9wu0MYNnqS",0.4939,0.25,0.602,0.148,Mon Sep 17 18:08:04 +0000 2018
343,@nytimes,30,"President Trump's next round of tariffs on China will be ""coming soon,"" according to Larry Kudlow, his economic adv‚Ä¶ https://t.co/dEqLpKf2N7",0.0,0.0,1.0,0.0,Mon Sep 17 17:58:03 +0000 2018
344,@nytimes,31,"RT @NYTmag: In the long-awaited final volume of his epic novel, Karl Ove Knausgaard confronts the central mystery of autobiographical ficti‚Ä¶",0.1027,0.099,0.819,0.082,Mon Sep 17 17:48:02 +0000 2018
345,@nytimes,32,"With the midterms fast approaching, Hillary Clinton has written a scathing critique of President Trump published in‚Ä¶ https://t.co/8pP2X9nZBy",0.0,0.0,1.0,0.0,Mon Sep 17 17:38:01 +0000 2018
346,@nytimes,33,"In years past, Obamacare was the stuff of Republican attack ads. This time around, it's Democrats who are running o‚Ä¶ https://t.co/vX5ieun4vG",-0.4767,0.0,0.866,0.134,Mon Sep 17 17:28:02 +0000 2018
347,@nytimes,34,"RT @NYTStyles: ""Up until recently, one of my only productive strategies for working with fear was dressing with intention"" https://t.co/Dyb‚Ä¶",-0.4939,0.0,0.856,0.144,Mon Sep 17 17:18:01 +0000 2018
348,@nytimes,35,"Before this week, Paul McCartney hadn't achieved a No. 1 album of his own in 36 years. To do it this time, he had t‚Ä¶ https://t.co/Wpz9l5qIMY",0.2235,0.076,0.924,0.0,Mon Sep 17 17:08:01 +0000 2018
349,@nytimes,36,"RT @nytimesworld: ‚ÄúI‚Äôm not a king,‚Äù said Ethiopia's prime minister. ‚ÄúMy ultimate objective is to see democratic elections in Ethiopia. If t‚Ä¶",0.0,0.0,1.0,0.0,Mon Sep 17 16:58:06 +0000 2018
350,@nytimes,37,Their podcast is about blockchain. But it's also about what it means to be working mothers who are trying to make a‚Ä¶ https://t.co/M2rdlQ6xAj,0.0,0.0,1.0,0.0,Mon Sep 17 16:48:08 +0000 2018
351,@nytimes,38,He spent about 50 years collecting Abraham Lincoln memorabilia. Now Harold Holzer is auctioning off almost everythi‚Ä¶ https://t.co/IfbCsrrS0o,0.0,0.0,1.0,0.0,Mon Sep 17 16:38:05 +0000 2018
352,@nytimes,39,"RT @KevinQ: Obviously @EliudKipchoge is the world's greatest marathoner, and he could absolutely win marathons while wearing cowboy boots.‚Ä¶",0.8516,0.328,0.672,0.0,Mon Sep 17 16:28:02 +0000 2018
353,@nytimes,40,"After Florence, days of record-breaking rain have pushed rivers over their banks. Water levels are unlikely to rece‚Ä¶ https://t.co/GIKUrOEIDk",0.0,0.0,1.0,0.0,Mon Sep 17 16:18:05 +0000 2018
354,@nytimes,41,"Rep. Chris Collins, who was indicted on insider trading charges last month, reversed course and planned to announce‚Ä¶ https://t.co/5z5EQ7R4b3",-0.2732,0.0,0.896,0.104,Mon Sep 17 16:03:20 +0000 2018
355,@nytimes,42,There were nearly 900 incidents last year in which someone was on the subway tracks or was hit by a train after get‚Ä¶ https://t.co/LazalkKGyN,0.0,0.0,1.0,0.0,Mon Sep 17 15:58:03 +0000 2018
356,@nytimes,43,"On the internet, we can vicariously consume more stuff than we could ever actually buy. Are unboxing videos elimina‚Ä¶ https://t.co/VqWiB6SZIj",0.0,0.0,1.0,0.0,Mon Sep 17 15:48:05 +0000 2018
357,@nytimes,44,"RT @nytopinion: Just as many Americans are fed up with the economic status quo, so too are they fed up with business as usual in foreign po‚Ä¶",0.0,0.0,1.0,0.0,Mon Sep 17 15:38:04 +0000 2018
358,@nytimes,45,Australian authorities vowed to shut down a popular music festival after 2 people died of suspected drug overdoses‚Ä¶ https://t.co/RvJyr1A0lk,0.128,0.245,0.531,0.224,Mon Sep 17 15:28:05 +0000 2018
359,@nytimes,46,"RT @alexburnsNYT: Bloomberg says if he runs for president, it‚Äôll be as a Democrat

He‚Äôs about to begin ads pummeling House Republicans

Fir‚Ä¶",0.0,0.0,1.0,0.0,Mon Sep 17 15:18:02 +0000 2018
360,@nytimes,47,The trial of the Chicago police officer who shot Laquan McDonald is underway. Here's why Chicago is watching it so‚Ä¶ https://t.co/IEZVs1CPGX,0.0,0.0,1.0,0.0,Mon Sep 17 15:08:01 +0000 2018
361,@nytimes,48,"Marc Benioff, the billionaire who is buying Time magazine, explains why he's buying Time magazine  https://t.co/On8XArWfCZ",0.0,0.0,1.0,0.0,Mon Sep 17 14:58:02 +0000 2018
362,@nytimes,49,"Florence's impact, in maps https://t.co/D5oUmcuT0u https://t.co/3n5bGPqHDI",0.0,0.0,1.0,0.0,Mon Sep 17 14:48:36 +0000 2018
363,@nytimes,50,Breaking News: Judge Brett Kavanaugh said he was willing to speak with a Senate panel to answer assault allegations‚Ä¶ https://t.co/T6UexK0GMu,-0.5859,0.0,0.826,0.174,Mon Sep 17 14:46:43 +0000 2018
364,@nytimes,51,RT @TimHerrera: We all want to be charming talkers who can work a room. Here are 3 steps to becoming one. https://t.co/J7A5E01AZy,0.6249,0.221,0.779,0.0,Mon Sep 17 14:38:01 +0000 2018
365,@nytimes,52,"In Rwanda, untreated strep throat can evolve into a life-threatening heart condition. A team of doctors travels the‚Ä¶ https://t.co/O4wyAoCzy0",0.0,0.0,1.0,0.0,Mon Sep 17 14:29:04 +0000 2018
366,@nytimes,53,The woman who has accused Supreme Court nominee Brett Kavanaugh of sexual assault is willing to testify about her a‚Ä¶ https://t.co/42A5jLRV59,-0.34,0.13,0.652,0.217,Mon Sep 17 14:18:31 +0000 2018
367,@nytimes,54,"North Korea is making nuclear fuel and building weapons as actively as ever, evidence suggests. But Kim Jong-un now‚Ä¶ https://t.co/AnWCUqCoT0",-0.1531,0.099,0.776,0.125,Mon Sep 17 14:14:03 +0000 2018
368,@nytimes,55,The center of Tropical Depression Florence has left the Carolinas. But the chaos that the storm unleashed is nowher‚Ä¶ https://t.co/1ccA33RjNX,-0.8126,0.0,0.709,0.291,Mon Sep 17 14:00:05 +0000 2018
369,@nytimes,56,People across Australia have bitten into store-bought strawberries in recent weeks and found needles hidden inside https://t.co/CCtztjmFZ2,0.0,0.0,1.0,0.0,Mon Sep 17 13:46:04 +0000 2018
370,@nytimes,57,"Kellyanne Conway said the woman who accused Brett Kavanaugh of sexual assault ""will be heard"" https://t.co/IzXkZ0gNyU",-0.7184,0.0,0.7,0.3,Mon Sep 17 13:30:13 +0000 2018
371,@nytimes,58,"Video: The North Carolina governor warned the ""risk to life is rising"" https://t.co/vFW8niIGK5",-0.4939,0.0,0.724,0.276,Mon Sep 17 13:14:02 +0000 2018
372,@nytimes,59,Morning¬†Briefing: Here's what you need to know to start your day https://t.co/RLfhCySdeL https://t.co/A1piAVisgv,0.0,0.0,1.0,0.0,Mon Sep 17 13:00:10 +0000 2018
373,@nytimes,60,RT @TinaJordanNYT: I had the chance to ask reclusive author Robert Galbraith ‚Äì good friend of @jk_rowling ‚Äî a few questions about his Cormo‚Ä¶,0.7964,0.323,0.677,0.0,Mon Sep 17 12:44:06 +0000 2018
374,@nytimes,61,See inside Typhoon Mangkhut in 3-D  https://t.co/v8yLCgjxOy https://t.co/W4MgffJfDn,0.0,0.0,1.0,0.0,Mon Sep 17 12:30:13 +0000 2018
375,@nytimes,62,"Eliud Kipchoge, who is widely regarded as the most dominant distance runner of the modern era, broke the world reco‚Ä¶ https://t.co/hjOfk4QajI",-0.4215,0.0,0.877,0.123,Mon Sep 17 12:20:06 +0000 2018
376,@nytimes,63,A man was killed by a shark off Cape Cod over the weekend in the first fatal shark attack in Massachusetts since 19‚Ä¶ https://t.co/IEzMGvM011,-0.9022,0.0,0.631,0.369,Mon Sep 17 12:11:03 +0000 2018
377,@nytimes,64,"Your daily @DealBook Briefing:

‚Ä¢ Top business donors break from the GOP.¬†

‚Ä¢ Marc Benioff is the latest billionair‚Ä¶ https://t.co/SG8TJ46iTZ",0.2023,0.096,0.904,0.0,Mon Sep 17 12:00:06 +0000 2018
378,@nytimes,65,"""It's easy to say, 'I love God,' but put on your boots, get your hands dirty,"" said a pastor in flood-sunken New Be‚Ä¶ https://t.co/aw2ftjMTiX",0.5499,0.178,0.822,0.0,Mon Sep 17 11:45:07 +0000 2018
379,@nytimes,66,"There's no doubt Tesla and Elon Musk have plenty of detractors, especially on Twitter. But many of those who believ‚Ä¶ https://t.co/StcfVkEOMN",-0.5719,0.0,0.802,0.198,Mon Sep 17 11:30:12 +0000 2018
380,@nytimes,67,"The man stood casually on the subway tracks, his face showing no sign of terror as he stared down a 360-ton train https://t.co/txN6Dgosce",-0.5994,0.065,0.722,0.213,Mon Sep 17 11:20:04 +0000 2018
381,@nytimes,68,North Carolina is facing a statewide crisis as Hurricane Florence slowly ravages the South. Here's what's happening‚Ä¶ https://t.co/1PV2hsHKQt,-0.6249,0.0,0.796,0.204,Mon Sep 17 11:11:05 +0000 2018
382,@nytimes,69,Molly Kelly fended off a challenge from the left this week to become the Democratic nominee for New Hampshire's gov‚Ä¶ https://t.co/lP1OPuCuZw,0.0772,0.064,0.936,0.0,Mon Sep 17 11:00:18 +0000 2018
383,@nytimes,70,"Soon-Yi Previn said starting a relationship with Woody Allen, who once dated her mother, created ""a moral dilemma"" https://t.co/bghcPMUss7",0.0772,0.102,0.812,0.086,Mon Sep 17 10:45:02 +0000 2018
384,@nytimes,71,"There has been another huge misinformation campaign online before an election, this time in Macedonia, and the U.S.‚Ä¶ https://t.co/I2qWkVCs9B",0.0,0.106,0.787,0.106,Mon Sep 17 10:30:10 +0000 2018
385,@nytimes,72,A woman who accuses Supreme Court nominee Brett M. Kavanaugh of sexually assaulting her when both were high school‚Ä¶ https://t.co/R0FH6nzgBJ,-0.2732,0.142,0.632,0.225,Mon Sep 17 10:20:11 +0000 2018
386,@nytimes,73,Michael Bloomberg may run for President as a Democrat. His views on policing and #MeToo could be a problem.‚Ä¶ https://t.co/q4ZueDZJRy,0.0,0.0,1.0,0.0,Mon Sep 17 10:10:02 +0000 2018
387,@nytimes,74,Morning¬†Briefing: Here's what you need to know to start your day https://t.co/qFjVAjZXqa https://t.co/2eee78gcDu,0.0,0.0,1.0,0.0,Mon Sep 17 10:00:09 +0000 2018
388,@nytimes,75,"RT @nytimesworld: Museums are where we tell stories about ourselves -- about who we are as individuals, communities, nations, even as a spe‚Ä¶",0.0,0.0,1.0,0.0,Mon Sep 17 09:44:01 +0000 2018
389,@nytimes,76,"""North Korea will highlight the discrepancy: 'Why do the American troops remain in Korea now that the war has ended‚Ä¶ https://t.co/mye3xrsWOZ",-0.3612,0.095,0.751,0.154,Mon Sep 17 09:41:05 +0000 2018
390,@nytimes,77,RT @JackEwingNYT: I still say the evolution of the Beetle from Nazi propaganda project to counterculture phenomenon was the greatest rebran‚Ä¶,0.4939,0.174,0.744,0.083,Mon Sep 17 09:15:06 +0000 2018
391,@nytimes,78,7 years after @sweden began giving ordinary Swedes the chance to be the more-or-less official voice of the nation o‚Ä¶ https://t.co/sX5smUK5fn,0.5267,0.196,0.804,0.0,Mon Sep 17 09:00:17 +0000 2018
392,@nytimes,79,"The first full-dress retrospective in North America devoted to the French painter Eug√®ne Delacroix, a complex, enig‚Ä¶ https://t.co/o3TiIOJ7QZ",0.4019,0.144,0.856,0.0,Mon Sep 17 08:31:56 +0000 2018
393,@nytimes,80,How do companies regain public trust after something goes seriously wrong? We looked at how Tylenol responded after‚Ä¶ https://t.co/SYCHe8Pq5D,-0.128,0.137,0.664,0.199,Mon Sep 17 08:15:03 +0000 2018
394,@nytimes,81,The Russia spy scandal has claimed another victim: debutantes. Organizers have pulled the plug on the annual Russia‚Ä¶ https://t.co/SMN2h5Zhih,-0.6124,0.0,0.773,0.227,Mon Sep 17 08:00:11 +0000 2018
395,@nytimes,82,"RT @stevenleemyers: In Yangjiang, broken glass, downed branches and the remains of a giant sign, but damage seems less severe than feared.‚Ä¶",-0.8523,0.0,0.659,0.341,Mon Sep 17 07:46:56 +0000 2018
396,@nytimes,83,"More than 230,000 infants were treated in emergency rooms for injuries incurred while using infant walkers from 199‚Ä¶ https://t.co/MFGUyGy6yl",-0.3818,0.0,0.874,0.126,Mon Sep 17 07:45:05 +0000 2018
397,@nytimes,84,The air travel disruptions that rippled across Asia from the storm continued into Monday. Some flights arrived at a‚Ä¶ https://t.co/9aaUoDS7Hi,-0.34,0.0,0.888,0.112,Mon Sep 17 07:30:06 +0000 2018
398,@nytimes,85,3 concrete tips that will help you become a more engaged ‚Äî and enjoyable ‚Äî conversation partner https://t.co/uwNnJLt7mj,0.8341,0.446,0.554,0.0,Mon Sep 17 07:15:03 +0000 2018
399,@nytimes,86,"As President Trump ratchets up the trade war with Beijing, Wall Street‚Äôs words are falling on deaf ears https://t.co/jfxngSxQAW",-0.6705,0.0,0.756,0.244,Mon Sep 17 07:00:04 +0000 2018
400,@nytimes,87,RT @davidenrich: This is my favorite page in today‚Äôs superb @nytimesbusiness section on the financial crisis‚Äôs 10th anniversary. https://t.‚Ä¶,0.7964,0.295,0.705,0.0,Mon Sep 17 06:59:48 +0000 2018
401,@nytimes,88,"A day after Typhoon Mangkhut tore through the Philippines, officials began to discover that the human toll from the‚Ä¶ https://t.co/AHhlYa8wmm",0.0,0.0,1.0,0.0,Mon Sep 17 06:45:02 +0000 2018
402,@nytimes,89,U.S. prosecutors have quietly dismissed charges against a former Senegalese government official in a Chinese energy‚Ä¶ https://t.co/D8NiOQxkPz,-0.2732,0.0,0.87,0.13,Mon Sep 17 06:30:07 +0000 2018
403,@nytimes,90,"After 5 elections over 17 years, costing about $1 billion, Afghanistan still lacks the most basic consensus on how‚Ä¶ https://t.co/WbUAx9w1Ey",0.0,0.0,1.0,0.0,Mon Sep 17 06:15:05 +0000 2018
404,@nytimes,91,"With the deal for Time, the Benioffs have picked up one of the most storied ‚Äî but struggling ‚Äî publications in the‚Ä¶ https://t.co/A3h9pSGKYQ",-0.6243,0.0,0.83,0.17,Mon Sep 17 06:00:06 +0000 2018
405,@nytimes,92,Eliud Kipchoge of Kenya broke the world record for the marathon by more than a minute on Sunday. Read our profile o‚Ä¶ https://t.co/NXNJwqmKBR,-0.4215,0.0,0.882,0.118,Mon Sep 17 05:45:04 +0000 2018
406,@nytimes,93,Dozens of Times journalists are covering the powerful storms that are wreaking havoc on opposite sides of the world‚Ä¶ https://t.co/q7fKsCBLCh,-0.2732,0.113,0.729,0.158,Mon Sep 17 05:30:04 +0000 2018
407,@nytimes,94,"Maps of Hurricane Florence's impact tracking the record amount of rainfall, wind and power outages https://t.co/hlCpaDvUvI",0.0,0.0,1.0,0.0,Mon Sep 17 05:15:05 +0000 2018
408,@nytimes,95,"Many rank the Venerable Xuecheng as the most important Chinese Buddhist reformer in a century. But over the summer,‚Ä¶ https://t.co/6sYblOLgE9",0.2716,0.104,0.896,0.0,Mon Sep 17 05:12:35 +0000 2018
409,@nytimes,96,"RT @davidzucchino: The Cape Fear River meets aptly-named Water Street in downtown Wilmington, NC, in historic flooding. https://t.co/n3PwXf‚Ä¶",-0.4939,0.0,0.842,0.158,Mon Sep 17 04:50:24 +0000 2018
410,@nytimes,97,North Korea seems to be building nuclear weapons as actively as ever. But Kim Jong-un now appears to be borrowing a‚Ä¶ https://t.co/FbmjzxelKC,-0.1531,0.091,0.794,0.115,Mon Sep 17 04:45:02 +0000 2018
411,@nytimes,98,Emergency workers in the Philippines recovered 43 bodies from the muddied wreckage of a gold miners‚Äô bunkhouse afte‚Ä¶ https://t.co/t5fadWlGLC,-0.3818,0.0,0.867,0.133,Mon Sep 17 04:30:08 +0000 2018
412,@nytimes,99,"Maori is having a revival across New Zealand. Indigenous people are increasingly embracing their language, rejectin‚Ä¶ https://t.co/Xb7lSFS1Vo",0.0,0.0,1.0,0.0,Mon Sep 17 04:15:05 +0000 2018
413,@nytimes,100,"Europe Edition: Your Monday News Briefing: Typhoon, Kavanaugh, Brexit https://t.co/8BCfOdOo09",0.0,0.0,1.0,0.0,Mon Sep 17 04:02:51 +0000 2018
